ts,game_id,book,home_spread,total
2026-10-07 22:48:10.558031+00:00,401871051,FanDuel,2.5,48.5
2026-10-07 22:48:10.558031+00:00,401871051,MyBookie.ag,3.0,49.0
2026-10-07 22:48:10.558031+00:00,401871051,DraftKings,3.0,48.5
2026-10-07 22:48:10.558031+00:00,401871051,BetRivers,3.0,48.5
2026-10-07 22:48:10.558031+00:00,401871051,BetMGM,3.0,48.5
2026-10-07 22:48:10.558031+00:00,401871051,BetOnline.ag,3.0,48.5
2026-10-07 22:48:10.558031+00:00,401871051,LowVig.ag,3.0,48.5
2026-10-07 22:48:10.558031+00:00,401871051,Bovada,3.0,49.0
2026-10-07 22:48:10.558031+00:00,401871051,BetUS,3.0,48.5
2026-10-07 22:48:10.558031+00:00,401871066,FanDuel,-6.5,46.5
2026-10-07 22:48:10.558031+00:00,401871066,MyBookie.ag,-7.0,46.0
2026-10-07 22:48:10.558031+00:00,401871066,DraftKings,-6.5,46.5
2026-10-07 22:48:10.558031+00:00,401871066,BetRivers,-7.0,46.5
2026-10-07 22:48:10.558031+00:00,401871066,BetMGM,-6.5,46.5
2026-10-07 22:48:10.558031+00:00,401871066,LowVig.ag,-6.5,45.5
2026-10-07 22:48:10.558031+00:00,401871066,BetOnline.ag,-6.5,45.5
2026-10-07 22:48:10.558031+00:00,401871066,Bovada,-7.0,46.5
2026-10-07 22:48:10.558031+00:00,401871066,BetUS,-7.0,46.5
2026-10-07 22:48:10.558031+00:00,401870766,FanDuel,-13.5,52.5
2026-10-07 22:48:10.558031+00:00,401870766,BetRivers,-13.0,51.5
2026-10-07 22:48:10.558031+00:00,401870766,DraftKings,-13.5,52.5
2026-10-07 22:48:10.558031+00:00,401870766,BetMGM,-13.5,52.5
2026-10-07 22:48:10.558031+00:00,401870766,BetOnline.ag,-13.5,52.5
2026-10-07 22:48:10.558031+00:00,401870766,LowVig.ag,-13.5,52.5
2026-10-07 22:48:10.558031+00:00,401870766,MyBookie.ag,-13.5,52.5
2026-10-07 22:48:10.558031+00:00,401870766,Bovada,-13.5,52.5
2026-10-07 22:48:10.558031+00:00,401870766,BetUS,-13.5,52.5
2026-10-07 22:48:10.558031+00:00,401871052,FanDuel,-1.5,56.5
2026-10-07 22:48:10.558031+00:00,401871052,BetRivers,-2.5,56.5
2026-10-07 22:48:10.558031+00:00,401871052,DraftKings,-1.5,56.5
2026-10-07 22:48:10.558031+00:00,401871052,BetOnline.ag,-1.5,56.5
2026-10-07 22:48:10.558031+00:00,401871052,LowVig.ag,-1.5,56.5
2026-10-07 22:48:10.558031+00:00,401871052,MyBookie.ag,-2.0,56.5
2026-10-07 22:48:10.558031+00:00,401871052,Bovada,-1.5,56.5
2026-10-07 22:48:10.558031+00:00,401871052,BetUS,-1.5,56.5
2026-10-07 22:48:10.558031+00:00,401871052,BetMGM,-1.5,56.5
2026-10-07 22:48:10.558031+00:00,401869933,FanDuel,-1.5,59.5
2026-10-07 22:48:10.558031+00:00,401869933,BetRivers,-1.5,58.5
2026-10-07 22:48:10.558031+00:00,401869933,DraftKings,-1.5,60.5
2026-10-07 22:48:10.558031+00:00,401869933,LowVig.ag,-1.5,60.5
2026-10-07 22:48:10.558031+00:00,401869933,BetOnline.ag,-1.5,60.5
2026-10-07 22:48:10.558031+00:00,401869933,BetMGM,-1.5,60.5
2026-10-07 22:48:10.558031+00:00,401869933,MyBookie.ag,-1.5,60.0
2026-10-07 22:48:10.558031+00:00,401869933,Bovada,-1.5,60.0
2026-10-07 22:48:10.558031+00:00,401869933,BetUS,-1.5,60.5
2026-10-07 22:48:10.558031+00:00,401862794,FanDuel,-7.5,50.5
2026-10-07 22:48:10.558031+00:00,401862794,BetRivers,-7.0,49.5
2026-10-07 22:48:10.558031+00:00,401862794,BetMGM,-7.0,49.5
2026-10-07 22:48:10.558031+00:00,401862794,DraftKings,-7.0,49.5
2026-10-07 22:48:10.558031+00:00,401862794,LowVig.ag,-7.0,50.0
2026-10-07 22:48:10.558031+00:00,401862794,BetOnline.ag,-7.0,50.0
2026-10-07 22:48:10.558031+00:00,401862794,MyBookie.ag,-7.0,50.0
2026-10-07 22:48:10.558031+00:00,401862794,Bovada,-7.0,50.0
2026-10-07 22:48:10.558031+00:00,401862794,BetUS,-7.0,50.0
2026-10-07 22:48:10.558031+00:00,401858254,DraftKings,-3.5,59.5
2026-10-07 22:48:10.558031+00:00,401858254,FanDuel,-3.5,59.5
2026-10-07 22:48:10.558031+00:00,401858254,BetRivers,-3.5,59.0
2026-10-07 22:48:10.558031+00:00,401858254,BetMGM,-3.5,59.5
2026-10-07 22:48:10.558031+00:00,401858254,BetOnline.ag,-3.5,59.0
2026-10-07 22:48:10.558031+00:00,401858254,LowVig.ag,-3.5,59.0
2026-10-07 22:48:10.558031+00:00,401858254,MyBookie.ag,-3.5,59.0
2026-10-07 22:48:10.558031+00:00,401858254,Bovada,-3.5,59.0
2026-10-07 22:48:10.558031+00:00,401858254,BetUS,-3.5,59.0
2026-10-07 22:48:10.558031+00:00,401858487,DraftKings,-3.0,41.5
2026-10-07 22:48:10.558031+00:00,401858487,BetRivers,-3.5,41.5
2026-10-07 22:48:10.558031+00:00,401858487,MyBookie.ag,-3.0,41.5
2026-10-07 22:48:10.558031+00:00,401858487,FanDuel,-3.5,41.5
2026-10-07 22:48:10.558031+00:00,401858487,BetMGM,-3.0,41.5
2026-10-07 22:48:10.558031+00:00,401858487,LowVig.ag,-3.0,41.0
2026-10-07 22:48:10.558031+00:00,401858487,BetOnline.ag,-3.5,41.0
2026-10-07 22:48:10.558031+00:00,401858487,Bovada,-3.0,42.0
2026-10-07 22:48:10.558031+00:00,401858487,BetUS,-3.0,41.0
2026-10-07 22:48:10.558031+00:00,401864519,FanDuel,-5.5,42.5
2026-10-07 22:48:10.558031+00:00,401864519,DraftKings,-6.0,43.5
2026-10-07 22:48:10.558031+00:00,401864519,BetRivers,-6.5,42.5
2026-10-07 22:48:10.558031+00:00,401864519,LowVig.ag,-6.5,43.0
2026-10-07 22:48:10.558031+00:00,401864519,BetOnline.ag,-6.5,43.0
2026-10-07 22:48:10.558031+00:00,401864519,BetMGM,-6.0,43.5
2026-10-07 22:48:10.558031+00:00,401864519,MyBookie.ag,-6.0,43.0
2026-10-07 22:48:10.558031+00:00,401864519,Bovada,-6.0,42.5
2026-10-07 22:48:10.558031+00:00,401864519,BetUS,-6.0,43.0
2026-10-07 22:48:10.558031+00:00,401860922,FanDuel,-5.5,43.5
2026-10-07 22:48:10.558031+00:00,401860922,BetRivers,-5.5,43.5
2026-10-07 22:48:10.558031+00:00,401860922,BetMGM,-5.5,44.5
2026-10-07 22:48:10.558031+00:00,401860922,DraftKings,-5.5,44.5
2026-10-07 22:48:10.558031+00:00,401860922,BetOnline.ag,-5.5,44.0
2026-10-07 22:48:10.558031+00:00,401860922,LowVig.ag,-5.5,44.0
2026-10-07 22:48:10.558031+00:00,401860922,MyBookie.ag,-5.5,44.0
2026-10-07 22:48:10.558031+00:00,401860922,Bovada,-5.5,44.0
2026-10-07 22:48:10.558031+00:00,401860922,BetUS,-5.5,44.0
2026-10-07 22:48:10.558031+00:00,401856826,DraftKings,-10.0,46.5
2026-10-07 22:48:10.558031+00:00,401856826,BetRivers,-10.5,46.5
2026-10-07 22:48:10.558031+00:00,401856826,MyBookie.ag,-10.0,46.0
2026-10-07 22:48:10.558031+00:00,401856826,FanDuel,-10.5,46.5
2026-10-07 22:48:10.558031+00:00,401856826,BetMGM,-10.0,46.5
2026-10-07 22:48:10.558031+00:00,401856826,LowVig.ag,-10.0,46.5
2026-10-07 22:48:10.558031+00:00,401856826,BetOnline.ag,-10.0,46.5
2026-10-07 22:48:10.558031+00:00,401856826,Bovada,-10.0,46.0
2026-10-07 22:48:10.558031+00:00,401856826,BetUS,-10.0,46.0
2026-10-07 22:48:10.558031+00:00,401856823,FanDuel,3.5,61.5
2026-10-07 22:48:10.558031+00:00,401856823,BetRivers,3.0,61.0
2026-10-07 22:48:10.558031+00:00,401856823,BetMGM,3.0,61.5
2026-10-07 22:48:10.558031+00:00,401856823,DraftKings,3.0,61.5
2026-10-07 22:48:10.558031+00:00,401856823,LowVig.ag,3.0,61.5
2026-10-07 22:48:10.558031+00:00,401856823,BetOnline.ag,3.0,61.5
2026-10-07 22:48:10.558031+00:00,401856823,MyBookie.ag,3.0,61.5
2026-10-07 22:48:10.558031+00:00,401856823,Bovada,3.0,61.0
2026-10-07 22:48:10.558031+00:00,401856823,BetUS,3.5,61.5
2026-10-07 22:48:10.558031+00:00,401862795,DraftKings,-3.0,48.5
2026-10-07 22:48:10.558031+00:00,401862795,BetOnline.ag,-3.0,48.0
2026-10-07 22:48:10.558031+00:00,401862795,LowVig.ag,-3.0,48.0
2026-10-07 22:48:10.558031+00:00,401862795,FanDuel,-3.5,47.5
2026-10-07 22:48:10.558031+00:00,401862795,BetRivers,-4.5,47.5
2026-10-07 22:48:10.558031+00:00,401862795,BetMGM,-3.5,48.5
2026-10-07 22:48:10.558031+00:00,401862795,MyBookie.ag,-3.5,48.0
2026-10-07 22:48:10.558031+00:00,401862795,Bovada,-3.0,48.5
2026-10-07 22:48:10.558031+00:00,401862795,BetUS,-3.0,48.0
2026-10-07 22:48:10.558031+00:00,401866436,DraftKings,-7.5,44.5
2026-10-07 22:48:10.558031+00:00,401866436,FanDuel,-7.5,44.5
2026-10-07 22:48:10.558031+00:00,401866436,BetRivers,-7.5,44.5
2026-10-07 22:48:10.558031+00:00,401866436,LowVig.ag,-7.0,44.5
2026-10-07 22:48:10.558031+00:00,401866436,BetOnline.ag,-7.0,44.5
2026-10-07 22:48:10.558031+00:00,401866436,BetMGM,-7.5,44.5
2026-10-07 22:48:10.558031+00:00,401866436,MyBookie.ag,-7.5,44.5
2026-10-07 22:48:10.558031+00:00,401866436,Bovada,-8.0,44.5
2026-10-07 22:48:10.558031+00:00,401866436,BetUS,-8.5,44.5
2026-10-07 22:48:10.558031+00:00,401858481,FanDuel,7.5,48.5
2026-10-07 22:48:10.558031+00:00,401858481,DraftKings,7.5,48.5
2026-10-07 22:48:10.558031+00:00,401858481,BetRivers,7.5,49.5
2026-10-07 22:48:10.558031+00:00,401858481,MyBookie.ag,7.5,49.0
2026-10-07 22:48:10.558031+00:00,401858481,BetMGM,7.5,48.5
2026-10-07 22:48:10.558031+00:00,401858481,LowVig.ag,7.0,49.0
2026-10-07 22:48:10.558031+00:00,401858481,BetOnline.ag,7.0,49.0
2026-10-07 22:48:10.558031+00:00,401858481,Bovada,7.5,49.0
2026-10-07 22:48:10.558031+00:00,401858481,BetUS,7.5,49.0
2026-10-07 22:48:10.558031+00:00,401856716,DraftKings,-3.5,48.5
2026-10-07 22:48:10.558031+00:00,401856716,BetRivers,-3.0,48.5
2026-10-07 22:48:10.558031+00:00,401856716,MyBookie.ag,-3.5,48.5
2026-10-07 22:48:10.558031+00:00,401856716,FanDuel,-3.5,48.5
2026-10-07 22:48:10.558031+00:00,401856716,BetMGM,-3.5,48.5
2026-10-07 22:48:10.558031+00:00,401856716,BetOnline.ag,-3.5,48.0
2026-10-07 22:48:10.558031+00:00,401856716,LowVig.ag,-3.5,48.0
2026-10-07 22:48:10.558031+00:00,401856716,BetUS,-3.5,48.0
2026-10-07 22:48:10.558031+00:00,401856716,Bovada,-3.5,48.5
2026-10-07 22:48:10.558031+00:00,401858260,FanDuel,3.5,59.5
2026-10-07 22:48:10.558031+00:00,401858260,BetRivers,3.5,59.5
2026-10-07 22:48:10.558031+00:00,401858260,BetMGM,3.0,59.5
2026-10-07 22:48:10.558031+00:00,401858260,DraftKings,3.5,59.5
2026-10-07 22:48:10.558031+00:00,401858260,LowVig.ag,3.5,60.0
2026-10-07 22:48:10.558031+00:00,401858260,BetOnline.ag,3.5,60.0
2026-10-07 22:48:10.558031+00:00,401858260,MyBookie.ag,3.5,59.5
2026-10-07 22:48:10.558031+00:00,401858260,Bovada,3.5,59.5
2026-10-07 22:48:10.558031+00:00,401858260,BetUS,3.5,60.0
2026-10-07 22:48:10.558031+00:00,401858256,FanDuel,-3.5,47.5
2026-10-07 22:48:10.558031+00:00,401858256,BetRivers,-4.0,47.0
2026-10-07 22:48:10.558031+00:00,401858256,BetMGM,-3.5,47.5
2026-10-07 22:48:10.558031+00:00,401858256,BetOnline.ag,-4.0,47.0
2026-10-07 22:48:10.558031+00:00,401858256,LowVig.ag,-3.5,47.0
2026-10-07 22:48:10.558031+00:00,401858256,DraftKings,-4.0,47.5
2026-10-07 22:48:10.558031+00:00,401858256,MyBookie.ag,-4.0,47.0
2026-10-07 22:48:10.558031+00:00,401858256,Bovada,-4.0,47.0
2026-10-07 22:48:10.558031+00:00,401858256,BetUS,-4.0,47.0
2026-10-07 22:48:10.558031+00:00,401856824,FanDuel,-10.5,53.5
2026-10-07 22:48:10.558031+00:00,401856824,BetRivers,-10.0,53.5
2026-10-07 22:48:10.558031+00:00,401856824,BetMGM,-11.0,53.5
2026-10-07 22:48:10.558031+00:00,401856824,DraftKings,-10.5,53.5
2026-10-07 22:48:10.558031+00:00,401856824,LowVig.ag,-10.5,53.0
2026-10-07 22:48:10.558031+00:00,401856824,BetOnline.ag,-10.5,53.0
2026-10-07 22:48:10.558031+00:00,401856824,MyBookie.ag,-11.5,53.5
2026-10-07 22:48:10.558031+00:00,401856824,Bovada,-11.0,53.5
2026-10-07 22:48:10.558031+00:00,401856824,BetUS,-11.0,53.0
2026-10-07 22:48:10.558031+00:00,401858482,FanDuel,-36.5,52.5
2026-10-07 22:48:10.558031+00:00,401858482,BetRivers,-37.5,53.5
2026-10-07 22:48:10.558031+00:00,401858482,BetMGM,-37.0,52.5
2026-10-07 22:48:10.558031+00:00,401858482,DraftKings,-36.5,52.5
2026-10-07 22:48:10.558031+00:00,401858482,BetOnline.ag,-37.0,52.5
2026-10-07 22:48:10.558031+00:00,401858482,LowVig.ag,-37.0,52.5
2026-10-07 22:48:10.558031+00:00,401858482,BetUS,-37.0,52.5
2026-10-07 22:48:10.558031+00:00,401858482,Bovada,-37.0,52.5
2026-10-07 22:48:10.558031+00:00,401856714,DraftKings,-11.5,60.5
2026-10-07 22:48:10.558031+00:00,401856714,BetRivers,-12.5,61.0
2026-10-07 22:48:10.558031+00:00,401856714,MyBookie.ag,-11.5,60.5
2026-10-07 22:48:10.558031+00:00,401856714,FanDuel,-12.5,60.5
2026-10-07 22:48:10.558031+00:00,401856714,BetMGM,-11.5,59.5
2026-10-07 22:48:10.558031+00:00,401856714,LowVig.ag,-12.0,60.5
2026-10-07 22:48:10.558031+00:00,401856714,BetOnline.ag,-12.0,60.5
2026-10-07 22:48:10.558031+00:00,401856714,Bovada,-11.0,60.0
2026-10-07 22:48:10.558031+00:00,401856714,BetUS,-11.5,60.0
2026-10-07 22:48:10.558031+00:00,401869843,DraftKings,-9.5,49.5
2026-10-07 22:48:10.558031+00:00,401869843,FanDuel,-9.5,50.5
2026-10-07 22:48:10.558031+00:00,401869843,LowVig.ag,-9.5,49.5
2026-10-07 22:48:10.558031+00:00,401869843,BetOnline.ag,-9.5,49.5
2026-10-07 22:48:10.558031+00:00,401869843,BetRivers,-9.5,50.5
2026-10-07 22:48:10.558031+00:00,401869843,BetMGM,-10.0,49.5
2026-10-07 22:48:10.558031+00:00,401869843,MyBookie.ag,-10.0,49.5
2026-10-07 22:48:10.558031+00:00,401869843,Bovada,-9.5,49.5
2026-10-07 22:48:10.558031+00:00,401869843,BetUS,-10.0,49.5
2026-10-07 22:48:10.558031+00:00,401866435,DraftKings,7.0,51.5
2026-10-07 22:48:10.558031+00:00,401866435,FanDuel,6.5,52.5
2026-10-07 22:48:10.558031+00:00,401866435,LowVig.ag,7.0,52.0
2026-10-07 22:48:10.558031+00:00,401866435,BetOnline.ag,7.0,52.0
2026-10-07 22:48:10.558031+00:00,401866435,BetRivers,7.0,51.5
2026-10-07 22:48:10.558031+00:00,401866435,BetMGM,7.0,51.5
2026-10-07 22:48:10.558031+00:00,401866435,MyBookie.ag,7.0,52.0
2026-10-07 22:48:10.558031+00:00,401866435,Bovada,6.5,51.5
2026-10-07 22:48:10.558031+00:00,401866435,BetUS,7.0,52.0
2026-10-07 22:48:10.558031+00:00,401866437,DraftKings,-21.0,54.5
2026-10-07 22:48:10.558031+00:00,401866437,FanDuel,-20.5,54.5
2026-10-07 22:48:10.558031+00:00,401866437,LowVig.ag,-20.5,54.5
2026-10-07 22:48:10.558031+00:00,401866437,BetOnline.ag,-20.5,54.5
2026-10-07 22:48:10.558031+00:00,401866437,BetRivers,-21.0,54.5
2026-10-07 22:48:10.558031+00:00,401866437,BetMGM,-21.0,54.5
2026-10-07 22:48:10.558031+00:00,401866437,MyBookie.ag,-21.0,54.5
2026-10-07 22:48:10.558031+00:00,401866437,Bovada,-21.0,55.0
2026-10-07 22:48:10.558031+00:00,401866437,BetUS,-21.0,55.0
2026-10-07 22:48:10.558031+00:00,401858259,FanDuel,9.5,53.5
2026-10-07 22:48:10.558031+00:00,401858259,BetRivers,9.5,54.0
2026-10-07 22:48:10.558031+00:00,401858259,BetMGM,10.0,53.5
2026-10-07 22:48:10.558031+00:00,401858259,DraftKings,10.0,53.5
2026-10-07 22:48:10.558031+00:00,401858259,LowVig.ag,9.5,53.0
2026-10-07 22:48:10.558031+00:00,401858259,BetOnline.ag,9.5,53.0
2026-10-07 22:48:10.558031+00:00,401858259,MyBookie.ag,10.5,53.5
2026-10-07 22:48:10.558031+00:00,401858259,BetUS,9.5,53.0
2026-10-07 22:48:10.558031+00:00,401858259,Bovada,10.0,53.5
2026-10-07 22:48:10.558031+00:00,401866438,DraftKings,-3.0,46.5
2026-10-07 22:48:10.558031+00:00,401866438,FanDuel,-2.5,46.5
2026-10-07 22:48:10.558031+00:00,401866438,LowVig.ag,-3.0,46.5
2026-10-07 22:48:10.558031+00:00,401866438,BetOnline.ag,-3.0,46.5
2026-10-07 22:48:10.558031+00:00,401866438,BetRivers,-3.0,46.5
2026-10-07 22:48:10.558031+00:00,401866438,BetMGM,-3.0,46.5
2026-10-07 22:48:10.558031+00:00,401866438,MyBookie.ag,-3.0,46.0
2026-10-07 22:48:10.558031+00:00,401866438,Bovada,-3.0,46.0
2026-10-07 22:48:10.558031+00:00,401866438,BetUS,-3.0,46.5
2026-10-07 22:48:10.558031+00:00,401862796,DraftKings,-28.5,57.5
2026-10-07 22:48:10.558031+00:00,401862796,FanDuel,-28.5,57.5
2026-10-07 22:48:10.558031+00:00,401862796,BetOnline.ag,-28.5,57.5
2026-10-07 22:48:10.558031+00:00,401862796,LowVig.ag,-28.5,57.5
2026-10-07 22:48:10.558031+00:00,401862796,BetRivers,-28.0,57.5
2026-10-07 22:48:10.558031+00:00,401862796,BetMGM,-28.5,57.5
2026-10-07 22:48:10.558031+00:00,401862796,MyBookie.ag,-28.5,58.0
2026-10-07 22:48:10.558031+00:00,401862796,BetUS,-28.5,58.0
2026-10-07 22:48:10.558031+00:00,401862796,Bovada,-28.0,58.0
2026-10-07 22:48:10.558031+00:00,401858255,FanDuel,6.5,44.5
2026-10-07 22:48:10.558031+00:00,401858255,BetRivers,6.5,44.0
2026-10-07 22:48:10.558031+00:00,401858255,BetMGM,6.5,44.5
2026-10-07 22:48:10.558031+00:00,401858255,DraftKings,6.5,44.5
2026-10-07 22:48:10.558031+00:00,401858255,BetOnline.ag,6.5,43.5
2026-10-07 22:48:10.558031+00:00,401858255,LowVig.ag,6.5,43.5
2026-10-07 22:48:10.558031+00:00,401858255,MyBookie.ag,6.5,44.0
2026-10-07 22:48:10.558031+00:00,401858255,Bovada,6.5,44.0
2026-10-07 22:48:10.558031+00:00,401858255,BetUS,7.0,44.0
2026-10-07 22:48:10.558031+00:00,401856825,FanDuel,-2.5,55.5
2026-10-07 22:48:10.558031+00:00,401856825,BetRivers,-2.5,56.0
2026-10-07 22:48:10.558031+00:00,401856825,BetMGM,-2.5,55.5
2026-10-07 22:48:10.558031+00:00,401856825,DraftKings,-2.5,55.5
2026-10-07 22:48:10.558031+00:00,401856825,LowVig.ag,-2.5,55.0
2026-10-07 22:48:10.558031+00:00,401856825,BetOnline.ag,-2.5,55.0
2026-10-07 22:48:10.558031+00:00,401856825,MyBookie.ag,-2.5,55.5
2026-10-07 22:48:10.558031+00:00,401856825,BetUS,-2.5,55.5
2026-10-07 22:48:10.558031+00:00,401856825,Bovada,-2.5,55.5
2026-10-07 22:48:10.558031+00:00,401858480,FanDuel,2.5,48.5
2026-10-07 22:48:10.558031+00:00,401858480,BetRivers,2.5,47.5
2026-10-07 22:48:10.558031+00:00,401858480,BetMGM,2.5,47.5
2026-10-07 22:48:10.558031+00:00,401858480,DraftKings,2.5,47.5
2026-10-07 22:48:10.558031+00:00,401858480,BetOnline.ag,2.5,48.0
2026-10-07 22:48:10.558031+00:00,401858480,LowVig.ag,2.5,48.0
2026-10-07 22:48:10.558031+00:00,401858480,MyBookie.ag,2.5,48.0
2026-10-07 22:48:10.558031+00:00,401858480,Bovada,2.5,48.0
2026-10-07 22:48:10.558031+00:00,401858480,BetUS,2.5,48.0
2026-10-07 22:48:10.558031+00:00,401866439,DraftKings,-13.5,43.5
2026-10-07 22:48:10.558031+00:00,401866439,LowVig.ag,-13.5,43.5
2026-10-07 22:48:10.558031+00:00,401866439,BetOnline.ag,-13.5,43.5
2026-10-07 22:48:10.558031+00:00,401866439,FanDuel,-13.5,43.5
2026-10-07 22:48:10.558031+00:00,401866439,BetMGM,-13.5,43.5
2026-10-07 22:48:10.558031+00:00,401866439,MyBookie.ag,-14.0,43.5
2026-10-07 22:48:10.558031+00:00,401866439,Bovada,-13.5,43.5
2026-10-07 22:48:10.558031+00:00,401866439,BetUS,-13.5,43.5
2026-10-07 22:48:10.558031+00:00,401866439,BetRivers,-14.0,43.5
2026-10-07 22:48:10.558031+00:00,401862799,FanDuel,-2.5,48.5
2026-10-07 22:48:10.558031+00:00,401862799,BetRivers,-2.5,48.5
2026-10-07 22:48:10.558031+00:00,401862799,BetMGM,-2.5,48.5
2026-10-07 22:48:10.558031+00:00,401862799,DraftKings,-2.5,48.5
2026-10-07 22:48:10.558031+00:00,401862799,LowVig.ag,-2.5,48.5
2026-10-07 22:48:10.558031+00:00,401862799,BetOnline.ag,-2.5,48.5
2026-10-07 22:48:10.558031+00:00,401862799,MyBookie.ag,-2.5,48.5
2026-10-07 22:48:10.558031+00:00,401862799,BetUS,-2.5,48.5
2026-10-07 22:48:10.558031+00:00,401862799,Bovada,-2.5,49.0
2026-10-07 22:48:10.558031+00:00,401858257,DraftKings,-38.5,54.5
2026-10-07 22:48:10.558031+00:00,401858257,FanDuel,-37.5,54.5
2026-10-07 22:48:10.558031+00:00,401858257,BetRivers,-38.5,54.5
2026-10-07 22:48:10.558031+00:00,401858257,BetMGM,-38.5,54.5
2026-10-07 22:48:10.558031+00:00,401858257,BetOnline.ag,-38.5,54.0
2026-10-07 22:48:10.558031+00:00,401858257,LowVig.ag,-38.5,54.0
2026-10-07 22:48:10.558031+00:00,401858257,BetUS,-38.5,54.0
2026-10-07 22:48:10.558031+00:00,401858257,Bovada,-38.0,54.5
2026-10-07 22:48:10.558031+00:00,401856717,FanDuel,7.5,39.5
2026-10-07 22:48:10.558031+00:00,401856717,BetMGM,7.5,39.5
2026-10-07 22:48:10.558031+00:00,401856717,DraftKings,7.5,39.5
2026-10-07 22:48:10.558031+00:00,401856717,BetRivers,7.5,39.0
2026-10-07 22:48:10.558031+00:00,401856717,MyBookie.ag,7.5,39.5
2026-10-07 22:48:10.558031+00:00,401856717,BetOnline.ag,7.5,39.5
2026-10-07 22:48:10.558031+00:00,401856717,LowVig.ag,7.5,39.5
2026-10-07 22:48:10.558031+00:00,401856717,BetUS,7.5,39.5
2026-10-07 22:48:10.558031+00:00,401856717,Bovada,7.5,39.0
2026-10-07 22:48:10.558031+00:00,401856718,FanDuel,10.5,54.5
2026-10-07 22:48:10.558031+00:00,401856718,DraftKings,10.0,56.5
2026-10-07 22:48:10.558031+00:00,401856718,BetRivers,10.0,56.5
2026-10-07 22:48:10.558031+00:00,401856718,BetOnline.ag,9.5,56.5
2026-10-07 22:48:10.558031+00:00,401856718,BetMGM,9.5,56.5
2026-10-07 22:48:10.558031+00:00,401856718,MyBookie.ag,10.0,56.5
2026-10-07 22:48:10.558031+00:00,401856718,BetUS,10.0,56.5
2026-10-07 22:48:10.558031+00:00,401856718,Bovada,9.5,56.5
2026-10-07 22:48:10.558031+00:00,401858484,FanDuel,-11.5,58.5
2026-10-07 22:48:10.558031+00:00,401858484,DraftKings,-11.5,58.5
2026-10-07 22:48:10.558031+00:00,401858484,BetRivers,-12.0,59.0
2026-10-07 22:48:10.558031+00:00,401858484,MyBookie.ag,-11.5,58.5
2026-10-07 22:48:10.558031+00:00,401858484,BetMGM,-11.5,58.5
2026-10-07 22:48:10.558031+00:00,401858484,BetOnline.ag,-12.0,58.5
2026-10-07 22:48:10.558031+00:00,401858484,LowVig.ag,-12.0,58.5
2026-10-07 22:48:10.558031+00:00,401858484,BetUS,-11.5,58.5
2026-10-07 22:48:10.558031+00:00,401861964,FanDuel,-3.5,54.5
2026-10-07 22:48:10.558031+00:00,401861964,LowVig.ag,-4.0,55.0
2026-10-07 22:48:10.558031+00:00,401861964,BetOnline.ag,-3.5,55.0
2026-10-07 22:48:10.558031+00:00,401861964,DraftKings,-3.5,54.5
2026-10-07 22:48:10.558031+00:00,401861964,BetMGM,-3.5,54.5
2026-10-07 22:48:10.558031+00:00,401861964,MyBookie.ag,-3.5,55.0
2026-10-07 22:48:10.558031+00:00,401861964,Bovada,-3.5,54.5
2026-10-07 22:48:10.558031+00:00,401861964,BetUS,-3.5,54.5
2026-10-07 22:48:10.558031+00:00,401861964,BetRivers,-4.5,53.5
2026-10-07 22:48:10.558031+00:00,401862797,DraftKings,-10.0,47.5
2026-10-07 22:48:10.558031+00:00,401862797,LowVig.ag,-10.0,47.0
2026-10-07 22:48:10.558031+00:00,401862797,BetOnline.ag,-10.0,47.0
2026-10-07 22:48:10.558031+00:00,401862797,FanDuel,-9.5,47.5
2026-10-07 22:48:10.558031+00:00,401862797,BetMGM,-10.0,47.5
2026-10-07 22:48:10.558031+00:00,401862797,MyBookie.ag,-10.0,47.0
2026-10-07 22:48:10.558031+00:00,401862797,Bovada,-10.0,47.5
2026-10-07 22:48:10.558031+00:00,401862797,BetUS,-10.0,47.0
2026-10-07 22:48:10.558031+00:00,401862797,BetRivers,-10.5,47.5
2026-10-07 22:48:10.558031+00:00,401856713,FanDuel,13.5,51.5
2026-10-07 22:48:10.558031+00:00,401856713,BetRivers,13.5,51.0
2026-10-07 22:48:10.558031+00:00,401856713,BetMGM,13.5,51.5
2026-10-07 22:48:10.558031+00:00,401856713,DraftKings,13.5,51.5
2026-10-07 22:48:10.558031+00:00,401856713,LowVig.ag,13.5,51.0
2026-10-07 22:48:10.558031+00:00,401856713,BetOnline.ag,13.5,51.0
2026-10-07 22:48:10.558031+00:00,401856713,MyBookie.ag,13.5,51.0
2026-10-07 22:48:10.558031+00:00,401856713,BetUS,13.5,51.0
2026-10-07 22:48:10.558031+00:00,401856713,Bovada,13.5,51.5
2026-10-07 22:48:10.558031+00:00,401858483,DraftKings,-34.5,56.5
2026-10-07 22:48:10.558031+00:00,401858483,FanDuel,-34.5,56.5
2026-10-07 22:48:10.558031+00:00,401858483,BetRivers,-34.5,56.0
2026-10-07 22:48:10.558031+00:00,401858483,BetMGM,-34.0,56.5
2026-10-07 22:48:10.558031+00:00,401858483,LowVig.ag,-34.0,56.5
2026-10-07 22:48:10.558031+00:00,401858483,BetOnline.ag,-34.0,56.5
2026-10-07 22:48:10.558031+00:00,401858483,Bovada,-34.5,56.0
2026-10-07 22:48:10.558031+00:00,401858483,BetUS,-34.0,56.5
2026-10-07 22:48:10.558031+00:00,401860902,FanDuel,-14.5,53.5
2026-10-07 22:48:10.558031+00:00,401860902,BetRivers,-15.0,53.5
2026-10-07 22:48:10.558031+00:00,401860902,BetMGM,-14.5,53.5
2026-10-07 22:48:10.558031+00:00,401860902,LowVig.ag,-14.5,53.5
2026-10-07 22:48:10.558031+00:00,401860902,BetOnline.ag,-14.5,53.5
2026-10-07 22:48:10.558031+00:00,401860902,DraftKings,-14.5,53.5
2026-10-07 22:48:10.558031+00:00,401860902,MyBookie.ag,-14.5,53.5
2026-10-07 22:48:10.558031+00:00,401860902,BetUS,-14.5,53.5
2026-10-07 22:48:10.558031+00:00,401860902,Bovada,-14.5,53.5
2026-10-07 22:48:10.558031+00:00,401869943,DraftKings,-3.0,58.5
2026-10-07 22:48:10.558031+00:00,401869943,FanDuel,-3.5,58.5
2026-10-07 22:48:10.558031+00:00,401869943,LowVig.ag,-3.0,57.0
2026-10-07 22:48:10.558031+00:00,401869943,BetOnline.ag,-3.0,57.0
2026-10-07 22:48:10.558031+00:00,401869943,BetRivers,-3.0,59.5
2026-10-07 22:48:10.558031+00:00,401869943,BetMGM,-3.0,58.5
2026-10-07 22:48:10.558031+00:00,401869943,MyBookie.ag,-3.0,58.0
2026-10-07 22:48:10.558031+00:00,401869943,BetUS,-3.0,58.0
2026-10-07 22:48:10.558031+00:00,401869943,Bovada,-3.0,58.5
2026-10-07 22:48:10.558031+00:00,401856715,DraftKings,8.5,51.5
2026-10-07 22:48:10.558031+00:00,401856715,BetRivers,9.0,52.0
2026-10-07 22:48:10.558031+00:00,401856715,MyBookie.ag,8.5,51.5
2026-10-07 22:48:10.558031+00:00,401856715,FanDuel,8.5,51.5
2026-10-07 22:48:10.558031+00:00,401856715,BetOnline.ag,8.0,51.5
2026-10-07 22:48:10.558031+00:00,401856715,LowVig.ag,8.0,51.5
2026-10-07 22:48:10.558031+00:00,401856715,BetMGM,8.0,51.5
2026-10-07 22:48:10.558031+00:00,401856715,Bovada,8.5,52.0
2026-10-07 22:48:10.558031+00:00,401856715,BetUS,8.0,52.0
2026-10-07 22:48:10.558031+00:00,401862798,DraftKings,-14.0,52.5
2026-10-07 22:48:10.558031+00:00,401862798,FanDuel,-14.5,52.5
2026-10-07 22:48:10.558031+00:00,401862798,BetRivers,-14.0,52.5
2026-10-07 22:48:10.558031+00:00,401862798,LowVig.ag,-14.0,52.5
2026-10-07 22:48:10.558031+00:00,401862798,BetOnline.ag,-14.0,52.5
2026-10-07 22:48:10.558031+00:00,401862798,BetMGM,-14.0,52.5
2026-10-07 22:48:10.558031+00:00,401862798,MyBookie.ag,-14.0,53.0
2026-10-07 22:48:10.558031+00:00,401862798,BetUS,-14.0,52.5
2026-10-07 22:48:10.558031+00:00,401862798,Bovada,-13.5,52.5
2026-10-07 22:48:10.558031+00:00,401864517,DraftKings,9.5,49.5
2026-10-07 22:48:10.558031+00:00,401864517,LowVig.ag,9.5,49.5
2026-10-07 22:48:10.558031+00:00,401864517,BetOnline.ag,9.5,49.5
2026-10-07 22:48:10.558031+00:00,401864517,FanDuel,8.5,49.5
2026-10-07 22:48:10.558031+00:00,401864517,BetMGM,9.5,49.5
2026-10-07 22:48:10.558031+00:00,401864517,MyBookie.ag,9.0,49.0
2026-10-07 22:48:10.558031+00:00,401864517,BetUS,9.0,49.0
2026-10-07 22:48:10.558031+00:00,401864517,Bovada,9.5,49.5
2026-10-07 22:48:10.558031+00:00,401864517,BetRivers,9.5,49.5
2026-10-07 22:48:10.558031+00:00,401864518,FanDuel,3.5,47.5
2026-10-07 22:48:10.558031+00:00,401864518,LowVig.ag,3.0,48.0
2026-10-07 22:48:10.558031+00:00,401864518,BetOnline.ag,3.0,48.0
2026-10-07 22:48:10.558031+00:00,401864518,DraftKings,3.0,47.5
2026-10-07 22:48:10.558031+00:00,401864518,BetMGM,3.5,47.5
2026-10-07 22:48:10.558031+00:00,401864518,MyBookie.ag,3.5,48.0
2026-10-07 22:48:10.558031+00:00,401864518,BetUS,3.0,48.0
2026-10-07 22:48:10.558031+00:00,401864518,Bovada,3.0,48.0
2026-10-07 22:48:10.558031+00:00,401864518,BetRivers,3.0,47.5
2026-10-07 22:48:10.558031+00:00,401864516,FanDuel,7.5,46.5
2026-10-07 22:48:10.558031+00:00,401864516,LowVig.ag,7.0,46.0
2026-10-07 22:48:10.558031+00:00,401864516,DraftKings,7.5,46.5
2026-10-07 22:48:10.558031+00:00,401864516,BetOnline.ag,7.0,46.0
2026-10-07 22:48:10.558031+00:00,401864516,BetMGM,7.5,46.5
2026-10-07 22:48:10.558031+00:00,401864516,MyBookie.ag,7.5,47.0
2026-10-07 22:48:10.558031+00:00,401864516,BetUS,7.0,46.5
2026-10-07 22:48:10.558031+00:00,401864516,Bovada,7.5,47.0
2026-10-07 22:48:10.558031+00:00,401864516,BetRivers,7.5,47.5
2026-10-07 22:48:10.558031+00:00,401856712,FanDuel,-1.5,51.5
2026-10-07 22:48:10.558031+00:00,401856712,BetMGM,-2.0,51.5
2026-10-07 22:48:10.558031+00:00,401856712,DraftKings,-1.5,51.5
2026-10-07 22:48:10.558031+00:00,401856712,BetRivers,-1.5,52.0
2026-10-07 22:48:10.558031+00:00,401856712,MyBookie.ag,-1.5,51.5
2026-10-07 22:48:10.558031+00:00,401856712,BetOnline.ag,-2.0,51.5
2026-10-07 22:48:10.558031+00:00,401856712,LowVig.ag,-2.0,51.5
2026-10-07 22:48:10.558031+00:00,401856712,BetUS,-2.0,52.0
2026-10-07 22:48:10.558031+00:00,401856712,Bovada,-1.5,51.5
2026-10-07 22:48:10.558031+00:00,401869949,DraftKings,7.5,51.5
2026-10-07 22:48:10.558031+00:00,401869949,FanDuel,7.5,51.5
2026-10-07 22:48:10.558031+00:00,401869949,LowVig.ag,7.5,52.0
2026-10-07 22:48:10.558031+00:00,401869949,BetOnline.ag,7.5,52.0
2026-10-07 22:48:10.558031+00:00,401869949,BetMGM,7.5,51.5
2026-10-07 22:48:10.558031+00:00,401869949,MyBookie.ag,7.5,52.0
2026-10-07 22:48:10.558031+00:00,401869949,BetUS,7.5,52.0
2026-10-07 22:48:10.558031+00:00,401869949,Bovada,7.5,52.0
2026-10-07 22:48:10.558031+00:00,401869949,BetRivers,7.5,52.5
2026-10-07 22:48:10.558031+00:00,401869965,DraftKings,-3.0,47.5
2026-10-07 22:48:10.558031+00:00,401869965,BetOnline.ag,-2.5,47.5
2026-10-07 22:48:10.558031+00:00,401869965,LowVig.ag,-2.5,47.5
2026-10-07 22:48:10.558031+00:00,401869965,FanDuel,-2.5,48.5
2026-10-07 22:48:10.558031+00:00,401869965,BetMGM,-3.0,47.5
2026-10-07 22:48:10.558031+00:00,401869965,MyBookie.ag,-3.0,47.0
2026-10-07 22:48:10.558031+00:00,401869965,Bovada,-3.0,47.5
2026-10-07 22:48:10.558031+00:00,401869965,BetUS,-3.0,47.5
2026-10-07 22:48:10.558031+00:00,401869965,BetRivers,-3.0,46.5
2026-10-07 22:48:10.558031+00:00,401858485,DraftKings,-1.5,54.5
2026-10-07 22:48:10.558031+00:00,401858485,MyBookie.ag,-1.5,54.5
2026-10-07 22:48:10.558031+00:00,401858485,BetRivers,-1.5,55.0
2026-10-07 22:48:10.558031+00:00,401858485,FanDuel,-1.5,54.5
2026-10-07 22:48:10.558031+00:00,401858485,LowVig.ag,-1.5,55.0
2026-10-07 22:48:10.558031+00:00,401858485,BetOnline.ag,-1.5,55.0
2026-10-07 22:48:10.558031+00:00,401858485,BetMGM,-1.5,54.5
2026-10-07 22:48:10.558031+00:00,401858485,Bovada,-1.5,55.0
2026-10-07 22:48:10.558031+00:00,401858485,BetUS,-1.5,54.5
2026-10-07 22:48:10.558031+00:00,401858258,FanDuel,-9.5,50.5
2026-10-07 22:48:10.558031+00:00,401858258,BetRivers,-9.5,50.0
2026-10-07 22:48:10.558031+00:00,401858258,BetMGM,-9.5,50.5
2026-10-07 22:48:10.558031+00:00,401858258,DraftKings,-9.5,50.5
2026-10-07 22:48:10.558031+00:00,401858258,LowVig.ag,-9.5,50.0
2026-10-07 22:48:10.558031+00:00,401858258,BetOnline.ag,-9.5,50.0
2026-10-07 22:48:10.558031+00:00,401858258,MyBookie.ag,-10.0,50.0
2026-10-07 22:48:10.558031+00:00,401858258,Bovada,-9.5,50.0
2026-10-07 22:48:10.558031+00:00,401858258,BetUS,-9.5,50.0
2026-10-07 22:48:10.558031+00:00,401858486,FanDuel,2.5,50.5
2026-10-07 22:48:10.558031+00:00,401858486,BetRivers,2.5,50.5
2026-10-07 22:48:10.558031+00:00,401858486,BetMGM,2.5,50.5
2026-10-07 22:48:10.558031+00:00,401858486,DraftKings,2.5,50.5
2026-10-07 22:48:10.558031+00:00,401858486,BetOnline.ag,2.0,50.0
2026-10-07 22:48:10.558031+00:00,401858486,LowVig.ag,2.0,50.0
2026-10-07 22:48:10.558031+00:00,401858486,MyBookie.ag,2.5,50.5
2026-10-07 22:48:10.558031+00:00,401858486,Bovada,2.5,51.0
2026-10-07 22:48:10.558031+00:00,401858486,BetUS,2.5,50.0
2026-10-07 22:48:10.558031+00:00,401856827,FanDuel,-15.5,50.5
2026-10-07 22:48:10.558031+00:00,401856827,BetRivers,-15.5,51.0
2026-10-07 22:48:10.558031+00:00,401856827,BetMGM,-15.0,50.5
2026-10-07 22:48:10.558031+00:00,401856827,DraftKings,-15.5,51.5
2026-10-07 22:48:10.558031+00:00,401856827,BetOnline.ag,-15.5,50.0
2026-10-07 22:48:10.558031+00:00,401856827,MyBookie.ag,-15.5,51.0
2026-10-07 22:48:10.558031+00:00,401856827,BetUS,-15.5,50.5
2026-10-07 22:48:10.558031+00:00,401856827,Bovada,-15.5,51.5
2026-10-07 22:48:10.558031+00:00,401856808,FanDuel,-20.5,49.5
2026-10-07 22:48:10.558031+00:00,401856808,BetRivers,-21.0,50.5
2026-10-07 22:48:10.558031+00:00,401856808,BetMGM,-20.5,49.5
2026-10-07 22:48:10.558031+00:00,401856808,LowVig.ag,-20.5,50.0
2026-10-07 22:48:10.558031+00:00,401856808,BetOnline.ag,-20.5,50.0
2026-10-07 22:48:10.558031+00:00,401856808,DraftKings,-20.5,50.5
2026-10-07 22:48:10.558031+00:00,401856808,MyBookie.ag,-20.5,50.0
2026-10-07 22:48:10.558031+00:00,401856808,BetUS,-20.5,50.0
2026-10-07 22:48:10.558031+00:00,401856808,Bovada,-21.0,50.5
2026-10-07 22:48:10.558031+00:00,401860901,FanDuel,6.5,48.5
2026-10-07 22:48:10.558031+00:00,401860901,BetRivers,6.0,48.5
2026-10-07 22:48:10.558031+00:00,401860901,BetMGM,6.5,48.5
2026-10-07 22:48:10.558031+00:00,401860901,LowVig.ag,6.5,48.5
2026-10-07 22:48:10.558031+00:00,401860901,BetOnline.ag,6.5,48.5
2026-10-07 22:48:10.558031+00:00,401860901,DraftKings,6.5,48.5
2026-10-07 22:48:10.558031+00:00,401860901,MyBookie.ag,6.5,48.5
2026-10-07 22:48:10.558031+00:00,401860901,BetUS,6.5,48.5
2026-10-07 22:48:10.558031+00:00,401860901,Bovada,6.5,48.0
2026-10-07 22:48:10.558031+00:00,401856724,FanDuel,-9.5,54.5
2026-10-07 22:48:10.558031+00:00,401856724,DraftKings,-9.5,53.5
2026-10-07 22:48:10.558031+00:00,401858488,FanDuel,3.5,50.5
2026-10-07 22:48:10.558031+00:00,401858488,DraftKings,2.5,48.5
2026-10-07 22:48:10.558031+00:00,401856720,FanDuel,-10.5,59.5
2026-10-07 22:48:10.558031+00:00,401858490,DraftKings,-5.5,43.5
2026-10-07 22:48:10.558031+00:00,401858492,DraftKings,-12.5,58.5
2026-10-07 22:48:10.558031+00:00,401858494,DraftKings,-3.0,49.5
2026-10-07 22:48:10.558031+00:00,401856723,DraftKings,4.5,56.5
2026-10-07 22:48:10.558031+00:00,401856723,FanDuel,5.5,54.5
2026-10-07 22:48:10.558031+00:00,401856719,FanDuel,-17.5,51.5
2026-10-07 22:48:10.558031+00:00,401858266,DraftKings,-4.5,48.5
2026-10-07 22:48:10.558031+00:00,401856721,FanDuel,-7.5,58.5
2026-10-07 22:48:10.558031+00:00,401858263,DraftKings,-19.5,55.5
2026-10-07 22:48:10.558031+00:00,401858263,FanDuel,-19.5,54.5
2026-10-07 22:48:10.558031+00:00,401856809,DraftKings,10.5,48.5
2026-10-07 22:48:10.558031+00:00,401856809,FanDuel,12.5,47.5
2026-10-07 22:48:10.558031+00:00,401856831,FanDuel,-2.5,57.5
2026-10-07 22:48:10.558031+00:00,401856831,DraftKings,-3.5,57.5
2026-10-07 23:11:03.916669+00:00,401871051,FanDuel,-1.5,47.5
2026-10-07 23:11:03.916669+00:00,401871051,MyBookie.ag,2.5,44.5
2026-10-07 23:11:03.916669+00:00,401871051,DraftKings,-2.5,46.5
2026-10-07 23:11:03.916669+00:00,401871051,BetRivers,3.0,48.5
2026-10-07 23:11:03.916669+00:00,401871051,BetMGM,-2.5,47.5
2026-10-07 23:11:03.916669+00:00,401871051,BetOnline.ag,3.0,48.5
2026-10-07 23:11:03.916669+00:00,401871051,LowVig.ag,3.0,48.5
2026-10-07 23:11:03.916669+00:00,401871051,Bovada,3.0,48.5
2026-10-07 23:11:03.916669+00:00,401871051,BetUS,3.0,48.5
2026-10-07 23:11:03.916669+00:00,401871066,FanDuel,-6.5,46.5
2026-10-07 23:11:03.916669+00:00,401871066,MyBookie.ag,-7.0,46.0
2026-10-07 23:11:03.916669+00:00,401871066,DraftKings,-7.0,46.5
2026-10-07 23:11:03.916669+00:00,401871066,BetRivers,-7.0,46.5
2026-10-07 23:11:03.916669+00:00,401871066,BetMGM,-7.0,46.5
2026-10-07 23:11:03.916669+00:00,401871066,LowVig.ag,-7.0,46.0
2026-10-07 23:11:03.916669+00:00,401871066,BetOnline.ag,-7.0,46.0
2026-10-07 23:11:03.916669+00:00,401871066,Bovada,-7.0,46.5
2026-10-07 23:11:03.916669+00:00,401871066,BetUS,-7.0,46.5
2026-10-07 23:11:03.916669+00:00,401870766,FanDuel,-13.5,52.5
2026-10-07 23:11:03.916669+00:00,401870766,BetRivers,-13.0,51.5
2026-10-07 23:11:03.916669+00:00,401870766,DraftKings,-13.5,52.5
2026-10-07 23:11:03.916669+00:00,401870766,BetMGM,-13.5,52.5
2026-10-07 23:11:03.916669+00:00,401870766,BetOnline.ag,-13.5,52.5
2026-10-07 23:11:03.916669+00:00,401870766,LowVig.ag,-13.5,52.5
2026-10-07 23:11:03.916669+00:00,401870766,MyBookie.ag,-13.5,52.5
2026-10-07 23:11:03.916669+00:00,401870766,Bovada,-13.5,52.5
2026-10-07 23:11:03.916669+00:00,401870766,BetUS,-13.5,52.5
2026-10-07 23:11:03.916669+00:00,401871052,FanDuel,-1.5,56.5
2026-10-07 23:11:03.916669+00:00,401871052,BetRivers,-1.0,56.5
2026-10-07 23:11:03.916669+00:00,401871052,DraftKings,-1.5,56.5
2026-10-07 23:11:03.916669+00:00,401871052,BetOnline.ag,-1.0,56.5
2026-10-07 23:11:03.916669+00:00,401871052,LowVig.ag,-1.0,56.5
2026-10-07 23:11:03.916669+00:00,401871052,MyBookie.ag,-1.5,56.5
2026-10-07 23:11:03.916669+00:00,401871052,Bovada,-1.5,56.5
2026-10-07 23:11:03.916669+00:00,401871052,BetUS,-1.5,56.5
2026-10-07 23:11:03.916669+00:00,401871052,BetMGM,-1.5,56.5
2026-10-07 23:11:03.916669+00:00,401869933,FanDuel,-1.5,59.5
2026-10-07 23:11:03.916669+00:00,401869933,BetRivers,-1.5,58.5
2026-10-07 23:11:03.916669+00:00,401869933,DraftKings,-1.5,60.5
2026-10-07 23:11:03.916669+00:00,401869933,LowVig.ag,-1.5,60.5
2026-10-07 23:11:03.916669+00:00,401869933,BetOnline.ag,-1.5,60.5
2026-10-07 23:11:03.916669+00:00,401869933,BetMGM,-1.5,60.5
2026-10-07 23:11:03.916669+00:00,401869933,MyBookie.ag,-1.5,60.0
2026-10-07 23:11:03.916669+00:00,401869933,Bovada,-1.5,60.0
2026-10-07 23:11:03.916669+00:00,401869933,BetUS,-1.5,60.5
2026-10-07 23:11:03.916669+00:00,401862794,FanDuel,-7.5,50.5
2026-10-07 23:11:03.916669+00:00,401862794,BetRivers,-7.0,49.5
2026-10-07 23:11:03.916669+00:00,401862794,BetMGM,-7.0,49.5
2026-10-07 23:11:03.916669+00:00,401862794,DraftKings,-7.0,49.5
2026-10-07 23:11:03.916669+00:00,401862794,LowVig.ag,-7.0,50.0
2026-10-07 23:11:03.916669+00:00,401862794,BetOnline.ag,-7.0,50.0
2026-10-07 23:11:03.916669+00:00,401862794,MyBookie.ag,-7.0,50.0
2026-10-07 23:11:03.916669+00:00,401862794,Bovada,-7.0,50.0
2026-10-07 23:11:03.916669+00:00,401862794,BetUS,-7.0,50.0
2026-10-07 23:11:03.916669+00:00,401858254,DraftKings,-3.5,59.5
2026-10-07 23:11:03.916669+00:00,401858254,FanDuel,-3.5,59.5
2026-10-07 23:11:03.916669+00:00,401858254,BetRivers,-3.5,59.0
2026-10-07 23:11:03.916669+00:00,401858254,BetMGM,-3.5,59.5
2026-10-07 23:11:03.916669+00:00,401858254,BetOnline.ag,-3.5,59.0
2026-10-07 23:11:03.916669+00:00,401858254,LowVig.ag,-3.5,59.0
2026-10-07 23:11:03.916669+00:00,401858254,MyBookie.ag,-3.5,59.0
2026-10-07 23:11:03.916669+00:00,401858254,Bovada,-3.5,59.0
2026-10-07 23:11:03.916669+00:00,401858254,BetUS,-3.5,59.0
2026-10-07 23:11:03.916669+00:00,401858487,DraftKings,-3.0,41.5
2026-10-07 23:11:03.916669+00:00,401858487,BetRivers,-3.5,41.5
2026-10-07 23:11:03.916669+00:00,401858487,MyBookie.ag,-3.0,41.5
2026-10-07 23:11:03.916669+00:00,401858487,FanDuel,-3.5,41.5
2026-10-07 23:11:03.916669+00:00,401858487,BetMGM,-3.0,41.5
2026-10-07 23:11:03.916669+00:00,401858487,LowVig.ag,-3.0,41.0
2026-10-07 23:11:03.916669+00:00,401858487,BetOnline.ag,-3.5,41.0
2026-10-07 23:11:03.916669+00:00,401858487,Bovada,-3.0,42.0
2026-10-07 23:11:03.916669+00:00,401858487,BetUS,-3.0,41.0
2026-10-07 23:11:03.916669+00:00,401864519,FanDuel,-5.5,42.5
2026-10-07 23:11:03.916669+00:00,401864519,DraftKings,-6.0,42.5
2026-10-07 23:11:03.916669+00:00,401864519,BetRivers,-6.5,42.5
2026-10-07 23:11:03.916669+00:00,401864519,LowVig.ag,-6.5,43.0
2026-10-07 23:11:03.916669+00:00,401864519,BetOnline.ag,-6.5,43.0
2026-10-07 23:11:03.916669+00:00,401864519,BetMGM,-6.0,43.5
2026-10-07 23:11:03.916669+00:00,401864519,MyBookie.ag,-6.0,42.5
2026-10-07 23:11:03.916669+00:00,401864519,Bovada,-6.0,42.5
2026-10-07 23:11:03.916669+00:00,401864519,BetUS,-6.0,43.0
2026-10-07 23:11:03.916669+00:00,401860922,FanDuel,-5.5,43.5
2026-10-07 23:11:03.916669+00:00,401860922,BetRivers,-5.5,43.5
2026-10-07 23:11:03.916669+00:00,401860922,BetMGM,-5.5,44.5
2026-10-07 23:11:03.916669+00:00,401860922,DraftKings,-5.5,44.5
2026-10-07 23:11:03.916669+00:00,401860922,BetOnline.ag,-5.5,44.0
2026-10-07 23:11:03.916669+00:00,401860922,LowVig.ag,-5.5,44.0
2026-10-07 23:11:03.916669+00:00,401860922,MyBookie.ag,-5.5,44.0
2026-10-07 23:11:03.916669+00:00,401860922,Bovada,-5.5,44.0
2026-10-07 23:11:03.916669+00:00,401860922,BetUS,-5.5,44.0
2026-10-07 23:11:03.916669+00:00,401856826,DraftKings,-10.0,46.5
2026-10-07 23:11:03.916669+00:00,401856826,BetRivers,-10.5,46.5
2026-10-07 23:11:03.916669+00:00,401856826,MyBookie.ag,-10.0,46.0
2026-10-07 23:11:03.916669+00:00,401856826,FanDuel,-10.5,46.5
2026-10-07 23:11:03.916669+00:00,401856826,BetMGM,-10.0,46.5
2026-10-07 23:11:03.916669+00:00,401856826,LowVig.ag,-10.0,46.5
2026-10-07 23:11:03.916669+00:00,401856826,BetOnline.ag,-10.0,46.5
2026-10-07 23:11:03.916669+00:00,401856826,Bovada,-10.0,46.0
2026-10-07 23:11:03.916669+00:00,401856826,BetUS,-10.0,46.0
2026-10-07 23:11:03.916669+00:00,401856823,FanDuel,3.5,61.5
2026-10-07 23:11:03.916669+00:00,401856823,BetRivers,3.0,61.0
2026-10-07 23:11:03.916669+00:00,401856823,BetMGM,3.0,61.5
2026-10-07 23:11:03.916669+00:00,401856823,DraftKings,3.0,61.5
2026-10-07 23:11:03.916669+00:00,401856823,LowVig.ag,3.0,61.5
2026-10-07 23:11:03.916669+00:00,401856823,BetOnline.ag,3.0,61.5
2026-10-07 23:11:03.916669+00:00,401856823,MyBookie.ag,3.0,61.5
2026-10-07 23:11:03.916669+00:00,401856823,Bovada,3.0,61.0
2026-10-07 23:11:03.916669+00:00,401856823,BetUS,3.5,61.5
2026-10-07 23:11:03.916669+00:00,401862795,DraftKings,-3.0,48.5
2026-10-07 23:11:03.916669+00:00,401862795,BetOnline.ag,-3.0,48.0
2026-10-07 23:11:03.916669+00:00,401862795,LowVig.ag,-3.0,48.0
2026-10-07 23:11:03.916669+00:00,401862795,FanDuel,-3.5,47.5
2026-10-07 23:11:03.916669+00:00,401862795,BetRivers,-3.5,47.5
2026-10-07 23:11:03.916669+00:00,401862795,BetMGM,-3.5,48.5
2026-10-07 23:11:03.916669+00:00,401862795,MyBookie.ag,-3.5,48.0
2026-10-07 23:11:03.916669+00:00,401862795,Bovada,-3.0,48.5
2026-10-07 23:11:03.916669+00:00,401862795,BetUS,-3.0,48.0
2026-10-07 23:11:03.916669+00:00,401866436,DraftKings,-7.5,44.5
2026-10-07 23:11:03.916669+00:00,401866436,FanDuel,-7.5,44.5
2026-10-07 23:11:03.916669+00:00,401866436,BetRivers,-7.5,44.5
2026-10-07 23:11:03.916669+00:00,401866436,LowVig.ag,-7.0,44.5
2026-10-07 23:11:03.916669+00:00,401866436,BetOnline.ag,-7.0,44.5
2026-10-07 23:11:03.916669+00:00,401866436,BetMGM,-7.5,44.5
2026-10-07 23:11:03.916669+00:00,401866436,MyBookie.ag,-7.5,44.5
2026-10-07 23:11:03.916669+00:00,401866436,Bovada,-8.0,44.5
2026-10-07 23:11:03.916669+00:00,401866436,BetUS,-8.5,44.5
2026-10-07 23:11:03.916669+00:00,401858481,FanDuel,7.5,48.5
2026-10-07 23:11:03.916669+00:00,401858481,DraftKings,7.5,48.5
2026-10-07 23:11:03.916669+00:00,401858481,BetRivers,7.5,49.5
2026-10-07 23:11:03.916669+00:00,401858481,MyBookie.ag,7.5,49.0
2026-10-07 23:11:03.916669+00:00,401858481,BetMGM,7.5,48.5
2026-10-07 23:11:03.916669+00:00,401858481,LowVig.ag,7.0,49.0
2026-10-07 23:11:03.916669+00:00,401858481,BetOnline.ag,7.0,49.0
2026-10-07 23:11:03.916669+00:00,401858481,Bovada,7.5,49.0
2026-10-07 23:11:03.916669+00:00,401858481,BetUS,7.5,49.0
2026-10-07 23:11:03.916669+00:00,401856716,DraftKings,-3.5,48.5
2026-10-07 23:11:03.916669+00:00,401856716,BetRivers,-3.0,48.5
2026-10-07 23:11:03.916669+00:00,401856716,MyBookie.ag,-3.5,48.5
2026-10-07 23:11:03.916669+00:00,401856716,FanDuel,-3.5,48.5
2026-10-07 23:11:03.916669+00:00,401856716,BetMGM,-3.5,48.5
2026-10-07 23:11:03.916669+00:00,401856716,BetOnline.ag,-3.5,48.0
2026-10-07 23:11:03.916669+00:00,401856716,LowVig.ag,-3.5,48.0
2026-10-07 23:11:03.916669+00:00,401856716,BetUS,-3.5,48.0
2026-10-07 23:11:03.916669+00:00,401856716,Bovada,-3.5,48.5
2026-10-07 23:11:03.916669+00:00,401858260,FanDuel,3.5,59.5
2026-10-07 23:11:03.916669+00:00,401858260,BetRivers,3.5,59.5
2026-10-07 23:11:03.916669+00:00,401858260,BetMGM,3.0,59.5
2026-10-07 23:11:03.916669+00:00,401858260,DraftKings,3.5,59.5
2026-10-07 23:11:03.916669+00:00,401858260,LowVig.ag,3.5,60.0
2026-10-07 23:11:03.916669+00:00,401858260,BetOnline.ag,3.5,60.0
2026-10-07 23:11:03.916669+00:00,401858260,MyBookie.ag,3.5,59.5
2026-10-07 23:11:03.916669+00:00,401858260,Bovada,3.5,59.5
2026-10-07 23:11:03.916669+00:00,401858260,BetUS,3.5,60.0
2026-10-07 23:11:03.916669+00:00,401858256,FanDuel,-3.5,47.5
2026-10-07 23:11:03.916669+00:00,401858256,BetRivers,-4.0,47.0
2026-10-07 23:11:03.916669+00:00,401858256,BetMGM,-3.5,47.5
2026-10-07 23:11:03.916669+00:00,401858256,BetOnline.ag,-4.0,47.0
2026-10-07 23:11:03.916669+00:00,401858256,LowVig.ag,-3.5,47.0
2026-10-07 23:11:03.916669+00:00,401858256,DraftKings,-4.0,47.5
2026-10-07 23:11:03.916669+00:00,401858256,MyBookie.ag,-4.0,47.0
2026-10-07 23:11:03.916669+00:00,401858256,Bovada,-4.0,47.0
2026-10-07 23:11:03.916669+00:00,401858256,BetUS,-4.0,47.0
2026-10-07 23:11:03.916669+00:00,401856824,FanDuel,-10.5,53.5
2026-10-07 23:11:03.916669+00:00,401856824,BetRivers,-10.0,53.5
2026-10-07 23:11:03.916669+00:00,401856824,BetMGM,-11.0,53.5
2026-10-07 23:11:03.916669+00:00,401856824,DraftKings,-10.5,53.5
2026-10-07 23:11:03.916669+00:00,401856824,LowVig.ag,-10.5,53.0
2026-10-07 23:11:03.916669+00:00,401856824,BetOnline.ag,-10.5,53.0
2026-10-07 23:11:03.916669+00:00,401856824,MyBookie.ag,-11.5,53.5
2026-10-07 23:11:03.916669+00:00,401856824,Bovada,-11.0,53.5
2026-10-07 23:11:03.916669+00:00,401856824,BetUS,-11.0,53.5
2026-10-07 23:11:03.916669+00:00,401858482,FanDuel,-36.5,52.5
2026-10-07 23:11:03.916669+00:00,401858482,BetRivers,-37.5,53.5
2026-10-07 23:11:03.916669+00:00,401858482,BetMGM,-37.0,52.5
2026-10-07 23:11:03.916669+00:00,401858482,DraftKings,-36.5,52.5
2026-10-07 23:11:03.916669+00:00,401858482,BetOnline.ag,-37.0,52.5
2026-10-07 23:11:03.916669+00:00,401858482,LowVig.ag,-37.0,52.5
2026-10-07 23:11:03.916669+00:00,401858482,BetUS,-37.0,52.5
2026-10-07 23:11:03.916669+00:00,401858482,Bovada,-37.0,52.5
2026-10-07 23:11:03.916669+00:00,401856714,DraftKings,-11.5,60.5
2026-10-07 23:11:03.916669+00:00,401856714,BetRivers,-12.5,61.0
2026-10-07 23:11:03.916669+00:00,401856714,MyBookie.ag,-11.5,60.5
2026-10-07 23:11:03.916669+00:00,401856714,FanDuel,-12.5,60.5
2026-10-07 23:11:03.916669+00:00,401856714,BetMGM,-11.5,59.5
2026-10-07 23:11:03.916669+00:00,401856714,LowVig.ag,-12.0,60.5
2026-10-07 23:11:03.916669+00:00,401856714,BetOnline.ag,-12.0,60.5
2026-10-07 23:11:03.916669+00:00,401856714,Bovada,-11.0,60.0
2026-10-07 23:11:03.916669+00:00,401856714,BetUS,-11.5,60.0
2026-10-07 23:11:03.916669+00:00,401869843,DraftKings,-9.5,49.5
2026-10-07 23:11:03.916669+00:00,401869843,FanDuel,-9.5,50.5
2026-10-07 23:11:03.916669+00:00,401869843,LowVig.ag,-9.5,49.5
2026-10-07 23:11:03.916669+00:00,401869843,BetOnline.ag,-9.5,49.5
2026-10-07 23:11:03.916669+00:00,401869843,BetRivers,-9.5,50.5
2026-10-07 23:11:03.916669+00:00,401869843,BetMGM,-10.0,49.5
2026-10-07 23:11:03.916669+00:00,401869843,MyBookie.ag,-10.0,49.5
2026-10-07 23:11:03.916669+00:00,401869843,Bovada,-9.5,49.5
2026-10-07 23:11:03.916669+00:00,401869843,BetUS,-10.0,49.5
2026-10-07 23:11:03.916669+00:00,401866435,DraftKings,7.0,51.5
2026-10-07 23:11:03.916669+00:00,401866435,FanDuel,6.5,52.5
2026-10-07 23:11:03.916669+00:00,401866435,LowVig.ag,7.0,52.0
2026-10-07 23:11:03.916669+00:00,401866435,BetOnline.ag,7.0,52.0
2026-10-07 23:11:03.916669+00:00,401866435,BetRivers,7.0,51.5
2026-10-07 23:11:03.916669+00:00,401866435,BetMGM,7.0,51.5
2026-10-07 23:11:03.916669+00:00,401866435,MyBookie.ag,7.0,52.0
2026-10-07 23:11:03.916669+00:00,401866435,Bovada,6.5,51.5
2026-10-07 23:11:03.916669+00:00,401866435,BetUS,7.0,52.0
2026-10-07 23:11:03.916669+00:00,401866437,DraftKings,-21.0,54.5
2026-10-07 23:11:03.916669+00:00,401866437,FanDuel,-20.5,54.5
2026-10-07 23:11:03.916669+00:00,401866437,LowVig.ag,-20.5,54.5
2026-10-07 23:11:03.916669+00:00,401866437,BetOnline.ag,-20.5,54.5
2026-10-07 23:11:03.916669+00:00,401866437,BetRivers,-21.5,54.5
2026-10-07 23:11:03.916669+00:00,401866437,BetMGM,-21.0,54.5
2026-10-07 23:11:03.916669+00:00,401866437,MyBookie.ag,-21.0,54.5
2026-10-07 23:11:03.916669+00:00,401866437,Bovada,-21.0,55.0
2026-10-07 23:11:03.916669+00:00,401866437,BetUS,-21.0,55.0
2026-10-07 23:11:03.916669+00:00,401858259,FanDuel,9.5,53.5
2026-10-07 23:11:03.916669+00:00,401858259,BetRivers,9.5,54.0
2026-10-07 23:11:03.916669+00:00,401858259,BetMGM,10.0,53.5
2026-10-07 23:11:03.916669+00:00,401858259,DraftKings,10.0,53.5
2026-10-07 23:11:03.916669+00:00,401858259,LowVig.ag,9.5,53.0
2026-10-07 23:11:03.916669+00:00,401858259,BetOnline.ag,9.5,53.0
2026-10-07 23:11:03.916669+00:00,401858259,MyBookie.ag,10.0,53.0
2026-10-07 23:11:03.916669+00:00,401858259,BetUS,9.5,53.0
2026-10-07 23:11:03.916669+00:00,401858259,Bovada,10.0,53.5
2026-10-07 23:11:03.916669+00:00,401866438,DraftKings,-3.0,46.5
2026-10-07 23:11:03.916669+00:00,401866438,FanDuel,-2.5,46.5
2026-10-07 23:11:03.916669+00:00,401866438,LowVig.ag,-3.0,46.5
2026-10-07 23:11:03.916669+00:00,401866438,BetOnline.ag,-3.0,46.5
2026-10-07 23:11:03.916669+00:00,401866438,BetRivers,-3.0,46.5
2026-10-07 23:11:03.916669+00:00,401866438,BetMGM,-3.0,46.5
2026-10-07 23:11:03.916669+00:00,401866438,MyBookie.ag,-3.0,46.0
2026-10-07 23:11:03.916669+00:00,401866438,Bovada,-3.0,46.0
2026-10-07 23:11:03.916669+00:00,401866438,BetUS,-3.0,46.5
2026-10-07 23:11:03.916669+00:00,401862796,DraftKings,-28.5,57.5
2026-10-07 23:11:03.916669+00:00,401862796,FanDuel,-28.5,57.5
2026-10-07 23:11:03.916669+00:00,401862796,BetOnline.ag,-28.5,57.5
2026-10-07 23:11:03.916669+00:00,401862796,LowVig.ag,-28.5,57.5
2026-10-07 23:11:03.916669+00:00,401862796,BetRivers,-28.0,57.5
2026-10-07 23:11:03.916669+00:00,401862796,BetMGM,-28.5,57.5
2026-10-07 23:11:03.916669+00:00,401862796,MyBookie.ag,-28.5,58.0
2026-10-07 23:11:03.916669+00:00,401862796,BetUS,-28.5,58.0
2026-10-07 23:11:03.916669+00:00,401862796,Bovada,-28.0,58.0
2026-10-07 23:11:03.916669+00:00,401858255,FanDuel,6.5,44.5
2026-10-07 23:11:03.916669+00:00,401858255,BetRivers,6.5,44.0
2026-10-07 23:11:03.916669+00:00,401858255,BetMGM,6.5,44.5
2026-10-07 23:11:03.916669+00:00,401858255,DraftKings,6.5,44.5
2026-10-07 23:11:03.916669+00:00,401858255,BetOnline.ag,6.5,43.5
2026-10-07 23:11:03.916669+00:00,401858255,LowVig.ag,6.5,43.5
2026-10-07 23:11:03.916669+00:00,401858255,MyBookie.ag,6.5,44.0
2026-10-07 23:11:03.916669+00:00,401858255,Bovada,6.5,44.0
2026-10-07 23:11:03.916669+00:00,401858255,BetUS,7.0,44.0
2026-10-07 23:11:03.916669+00:00,401856825,FanDuel,-2.5,55.5
2026-10-07 23:11:03.916669+00:00,401856825,BetRivers,-2.5,56.0
2026-10-07 23:11:03.916669+00:00,401856825,BetMGM,-2.5,55.5
2026-10-07 23:11:03.916669+00:00,401856825,DraftKings,-2.5,55.5
2026-10-07 23:11:03.916669+00:00,401856825,LowVig.ag,-2.5,55.0
2026-10-07 23:11:03.916669+00:00,401856825,BetOnline.ag,-2.5,55.0
2026-10-07 23:11:03.916669+00:00,401856825,MyBookie.ag,-2.5,55.5
2026-10-07 23:11:03.916669+00:00,401856825,BetUS,-2.5,55.5
2026-10-07 23:11:03.916669+00:00,401856825,Bovada,-2.5,55.5
2026-10-07 23:11:03.916669+00:00,401858480,FanDuel,2.5,48.5
2026-10-07 23:11:03.916669+00:00,401858480,BetRivers,2.5,47.5
2026-10-07 23:11:03.916669+00:00,401858480,BetMGM,2.5,47.5
2026-10-07 23:11:03.916669+00:00,401858480,DraftKings,2.5,47.5
2026-10-07 23:11:03.916669+00:00,401858480,BetOnline.ag,2.5,48.0
2026-10-07 23:11:03.916669+00:00,401858480,LowVig.ag,2.5,48.0
2026-10-07 23:11:03.916669+00:00,401858480,MyBookie.ag,2.5,48.0
2026-10-07 23:11:03.916669+00:00,401858480,Bovada,2.5,48.0
2026-10-07 23:11:03.916669+00:00,401858480,BetUS,2.5,48.0
2026-10-07 23:11:03.916669+00:00,401866439,DraftKings,-13.5,43.5
2026-10-07 23:11:03.916669+00:00,401866439,LowVig.ag,-13.5,43.5
2026-10-07 23:11:03.916669+00:00,401866439,BetOnline.ag,-13.5,43.5
2026-10-07 23:11:03.916669+00:00,401866439,FanDuel,-13.5,43.5
2026-10-07 23:11:03.916669+00:00,401866439,BetMGM,-13.5,43.5
2026-10-07 23:11:03.916669+00:00,401866439,MyBookie.ag,-14.0,43.5
2026-10-07 23:11:03.916669+00:00,401866439,Bovada,-13.5,43.5
2026-10-07 23:11:03.916669+00:00,401866439,BetUS,-13.5,43.5
2026-10-07 23:11:03.916669+00:00,401866439,BetRivers,-14.0,43.5
2026-10-07 23:11:03.916669+00:00,401862799,FanDuel,-2.5,48.5
2026-10-07 23:11:03.916669+00:00,401862799,BetRivers,-2.5,48.5
2026-10-07 23:11:03.916669+00:00,401862799,BetMGM,-2.5,48.5
2026-10-07 23:11:03.916669+00:00,401862799,DraftKings,-2.5,48.5
2026-10-07 23:11:03.916669+00:00,401862799,LowVig.ag,-2.5,48.5
2026-10-07 23:11:03.916669+00:00,401862799,BetOnline.ag,-2.5,48.5
2026-10-07 23:11:03.916669+00:00,401862799,MyBookie.ag,-2.5,48.5
2026-10-07 23:11:03.916669+00:00,401862799,BetUS,-2.5,48.5
2026-10-07 23:11:03.916669+00:00,401862799,Bovada,-2.5,49.0
2026-10-07 23:11:03.916669+00:00,401858257,DraftKings,-38.5,54.5
2026-10-07 23:11:03.916669+00:00,401858257,FanDuel,-37.5,54.5
2026-10-07 23:11:03.916669+00:00,401858257,BetRivers,-38.5,54.5
2026-10-07 23:11:03.916669+00:00,401858257,BetMGM,-38.5,54.5
2026-10-07 23:11:03.916669+00:00,401858257,BetOnline.ag,-38.5,54.0
2026-10-07 23:11:03.916669+00:00,401858257,LowVig.ag,-38.5,54.0
2026-10-07 23:11:03.916669+00:00,401858257,BetUS,-38.5,54.0
2026-10-07 23:11:03.916669+00:00,401858257,Bovada,-38.0,54.5
2026-10-07 23:11:03.916669+00:00,401856717,FanDuel,7.5,38.5
2026-10-07 23:11:03.916669+00:00,401856717,BetMGM,7.5,39.5
2026-10-07 23:11:03.916669+00:00,401856717,DraftKings,7.5,39.5
2026-10-07 23:11:03.916669+00:00,401856717,BetRivers,7.5,39.0
2026-10-07 23:11:03.916669+00:00,401856717,MyBookie.ag,7.5,39.5
2026-10-07 23:11:03.916669+00:00,401856717,BetOnline.ag,7.5,39.5
2026-10-07 23:11:03.916669+00:00,401856717,LowVig.ag,7.5,39.5
2026-10-07 23:11:03.916669+00:00,401856717,BetUS,7.5,39.5
2026-10-07 23:11:03.916669+00:00,401856717,Bovada,7.5,39.0
2026-10-07 23:11:03.916669+00:00,401856718,FanDuel,10.5,54.5
2026-10-07 23:11:03.916669+00:00,401856718,DraftKings,10.0,56.5
2026-10-07 23:11:03.916669+00:00,401856718,BetRivers,10.0,56.5
2026-10-07 23:11:03.916669+00:00,401856718,BetOnline.ag,9.5,56.5
2026-10-07 23:11:03.916669+00:00,401856718,BetMGM,9.5,56.5
2026-10-07 23:11:03.916669+00:00,401856718,MyBookie.ag,10.0,56.0
2026-10-07 23:11:03.916669+00:00,401856718,BetUS,10.0,56.5
2026-10-07 23:11:03.916669+00:00,401856718,Bovada,9.5,56.5
2026-10-07 23:11:03.916669+00:00,401858484,FanDuel,-11.5,58.5
2026-10-07 23:11:03.916669+00:00,401858484,DraftKings,-11.5,58.5
2026-10-07 23:11:03.916669+00:00,401858484,BetRivers,-12.0,59.0
2026-10-07 23:11:03.916669+00:00,401858484,MyBookie.ag,-11.5,58.5
2026-10-07 23:11:03.916669+00:00,401858484,BetMGM,-11.5,58.5
2026-10-07 23:11:03.916669+00:00,401858484,BetOnline.ag,-12.0,58.5
2026-10-07 23:11:03.916669+00:00,401858484,LowVig.ag,-12.0,58.5
2026-10-07 23:11:03.916669+00:00,401858484,BetUS,-11.5,58.5
2026-10-07 23:11:03.916669+00:00,401861964,FanDuel,-3.5,54.5
2026-10-07 23:11:03.916669+00:00,401861964,LowVig.ag,-4.0,55.0
2026-10-07 23:11:03.916669+00:00,401861964,BetOnline.ag,-3.5,55.0
2026-10-07 23:11:03.916669+00:00,401861964,DraftKings,-3.5,54.5
2026-10-07 23:11:03.916669+00:00,401861964,BetMGM,-3.5,54.5
2026-10-07 23:11:03.916669+00:00,401861964,MyBookie.ag,-3.5,55.0
2026-10-07 23:11:03.916669+00:00,401861964,Bovada,-3.5,54.5
2026-10-07 23:11:03.916669+00:00,401861964,BetUS,-3.5,54.5
2026-10-07 23:11:03.916669+00:00,401861964,BetRivers,-4.5,53.5
2026-10-07 23:11:03.916669+00:00,401862797,DraftKings,-10.0,47.5
2026-10-07 23:11:03.916669+00:00,401862797,LowVig.ag,-10.0,47.0
2026-10-07 23:11:03.916669+00:00,401862797,BetOnline.ag,-10.0,47.0
2026-10-07 23:11:03.916669+00:00,401862797,FanDuel,-9.5,47.5
2026-10-07 23:11:03.916669+00:00,401862797,BetMGM,-10.0,47.5
2026-10-07 23:11:03.916669+00:00,401862797,MyBookie.ag,-10.0,47.0
2026-10-07 23:11:03.916669+00:00,401862797,Bovada,-10.0,47.5
2026-10-07 23:11:03.916669+00:00,401862797,BetUS,-10.0,47.0
2026-10-07 23:11:03.916669+00:00,401862797,BetRivers,-10.5,47.5
2026-10-07 23:11:03.916669+00:00,401856713,FanDuel,13.5,51.5
2026-10-07 23:11:03.916669+00:00,401856713,BetRivers,13.5,51.0
2026-10-07 23:11:03.916669+00:00,401856713,BetMGM,13.5,51.5
2026-10-07 23:11:03.916669+00:00,401856713,DraftKings,13.5,51.5
2026-10-07 23:11:03.916669+00:00,401856713,LowVig.ag,13.5,51.0
2026-10-07 23:11:03.916669+00:00,401856713,BetOnline.ag,13.5,51.0
2026-10-07 23:11:03.916669+00:00,401856713,MyBookie.ag,13.5,51.0
2026-10-07 23:11:03.916669+00:00,401856713,BetUS,13.5,51.0
2026-10-07 23:11:03.916669+00:00,401856713,Bovada,13.5,51.5
2026-10-07 23:11:03.916669+00:00,401858483,DraftKings,-34.5,56.5
2026-10-07 23:11:03.916669+00:00,401858483,FanDuel,-34.5,56.5
2026-10-07 23:11:03.916669+00:00,401858483,BetRivers,-34.5,56.0
2026-10-07 23:11:03.916669+00:00,401858483,BetMGM,-34.0,56.5
2026-10-07 23:11:03.916669+00:00,401858483,LowVig.ag,-34.0,56.5
2026-10-07 23:11:03.916669+00:00,401858483,BetOnline.ag,-34.0,56.5
2026-10-07 23:11:03.916669+00:00,401858483,Bovada,-34.5,56.0
2026-10-07 23:11:03.916669+00:00,401858483,BetUS,-34.0,56.5
2026-10-07 23:11:03.916669+00:00,401860902,FanDuel,-14.5,53.5
2026-10-07 23:11:03.916669+00:00,401860902,BetRivers,-15.0,53.5
2026-10-07 23:11:03.916669+00:00,401860902,BetMGM,-14.5,53.5
2026-10-07 23:11:03.916669+00:00,401860902,LowVig.ag,-14.5,53.5
2026-10-07 23:11:03.916669+00:00,401860902,BetOnline.ag,-14.5,53.5
2026-10-07 23:11:03.916669+00:00,401860902,DraftKings,-14.5,53.5
2026-10-07 23:11:03.916669+00:00,401860902,MyBookie.ag,-14.5,53.5
2026-10-07 23:11:03.916669+00:00,401860902,BetUS,-14.5,53.5
2026-10-07 23:11:03.916669+00:00,401860902,Bovada,-14.5,53.5
2026-10-07 23:11:03.916669+00:00,401869943,DraftKings,-3.0,58.5
2026-10-07 23:11:03.916669+00:00,401869943,FanDuel,-3.5,58.5
2026-10-07 23:11:03.916669+00:00,401869943,LowVig.ag,-3.0,57.0
2026-10-07 23:11:03.916669+00:00,401869943,BetOnline.ag,-3.0,57.0
2026-10-07 23:11:03.916669+00:00,401869943,BetRivers,-3.0,59.5
2026-10-07 23:11:03.916669+00:00,401869943,BetMGM,-3.0,58.5
2026-10-07 23:11:03.916669+00:00,401869943,MyBookie.ag,-3.0,58.0
2026-10-07 23:11:03.916669+00:00,401869943,BetUS,-3.0,58.0
2026-10-07 23:11:03.916669+00:00,401869943,Bovada,-3.0,58.5
2026-10-07 23:11:03.916669+00:00,401856715,DraftKings,8.5,51.5
2026-10-07 23:11:03.916669+00:00,401856715,BetRivers,9.0,52.0
2026-10-07 23:11:03.916669+00:00,401856715,MyBookie.ag,8.5,52.0
2026-10-07 23:11:03.916669+00:00,401856715,FanDuel,8.5,51.5
2026-10-07 23:11:03.916669+00:00,401856715,BetOnline.ag,8.0,51.5
2026-10-07 23:11:03.916669+00:00,401856715,LowVig.ag,8.0,51.5
2026-10-07 23:11:03.916669+00:00,401856715,BetMGM,8.0,51.5
2026-10-07 23:11:03.916669+00:00,401856715,Bovada,8.5,52.0
2026-10-07 23:11:03.916669+00:00,401856715,BetUS,8.0,52.0
2026-10-07 23:11:03.916669+00:00,401862798,DraftKings,-14.0,52.5
2026-10-07 23:11:03.916669+00:00,401862798,FanDuel,-14.5,52.5
2026-10-07 23:11:03.916669+00:00,401862798,BetRivers,-14.0,52.5
2026-10-07 23:11:03.916669+00:00,401862798,LowVig.ag,-14.0,52.5
2026-10-07 23:11:03.916669+00:00,401862798,BetOnline.ag,-14.0,52.5
2026-10-07 23:11:03.916669+00:00,401862798,BetMGM,-14.0,52.5
2026-10-07 23:11:03.916669+00:00,401862798,MyBookie.ag,-14.0,52.5
2026-10-07 23:11:03.916669+00:00,401862798,BetUS,-14.0,52.5
2026-10-07 23:11:03.916669+00:00,401862798,Bovada,-13.5,52.5
2026-10-07 23:11:03.916669+00:00,401864517,DraftKings,9.5,49.5
2026-10-07 23:11:03.916669+00:00,401864517,LowVig.ag,9.5,49.5
2026-10-07 23:11:03.916669+00:00,401864517,BetOnline.ag,9.5,49.5
2026-10-07 23:11:03.916669+00:00,401864517,FanDuel,8.5,49.5
2026-10-07 23:11:03.916669+00:00,401864517,BetMGM,9.5,49.5
2026-10-07 23:11:03.916669+00:00,401864517,MyBookie.ag,9.0,49.0
2026-10-07 23:11:03.916669+00:00,401864517,BetUS,9.0,49.0
2026-10-07 23:11:03.916669+00:00,401864517,Bovada,9.5,49.5
2026-10-07 23:11:03.916669+00:00,401864517,BetRivers,9.5,49.5
2026-10-07 23:11:03.916669+00:00,401864518,FanDuel,3.5,47.5
2026-10-07 23:11:03.916669+00:00,401864518,LowVig.ag,3.0,48.0
2026-10-07 23:11:03.916669+00:00,401864518,BetOnline.ag,3.0,48.0
2026-10-07 23:11:03.916669+00:00,401864518,DraftKings,3.0,47.5
2026-10-07 23:11:03.916669+00:00,401864518,BetMGM,3.5,47.5
2026-10-07 23:11:03.916669+00:00,401864518,MyBookie.ag,3.5,48.0
2026-10-07 23:11:03.916669+00:00,401864518,BetUS,3.0,48.0
2026-10-07 23:11:03.916669+00:00,401864518,Bovada,3.0,48.0
2026-10-07 23:11:03.916669+00:00,401864518,BetRivers,3.0,47.5
2026-10-07 23:11:03.916669+00:00,401864516,FanDuel,7.5,46.5
2026-10-07 23:11:03.916669+00:00,401864516,LowVig.ag,7.0,46.0
2026-10-07 23:11:03.916669+00:00,401864516,DraftKings,7.5,46.5
2026-10-07 23:11:03.916669+00:00,401864516,BetOnline.ag,7.0,46.0
2026-10-07 23:11:03.916669+00:00,401864516,BetMGM,7.5,46.5
2026-10-07 23:11:03.916669+00:00,401864516,MyBookie.ag,7.5,47.0
2026-10-07 23:11:03.916669+00:00,401864516,BetUS,7.0,46.5
2026-10-07 23:11:03.916669+00:00,401864516,Bovada,7.5,47.0
2026-10-07 23:11:03.916669+00:00,401864516,BetRivers,7.5,47.5
2026-10-07 23:11:03.916669+00:00,401856712,FanDuel,-1.5,51.5
2026-10-07 23:11:03.916669+00:00,401856712,BetMGM,-2.0,51.5
2026-10-07 23:11:03.916669+00:00,401856712,DraftKings,-1.5,51.5
2026-10-07 23:11:03.916669+00:00,401856712,BetRivers,-1.5,52.0
2026-10-07 23:11:03.916669+00:00,401856712,MyBookie.ag,-1.5,51.5
2026-10-07 23:11:03.916669+00:00,401856712,BetOnline.ag,-2.0,51.5
2026-10-07 23:11:03.916669+00:00,401856712,LowVig.ag,-2.0,51.5
2026-10-07 23:11:03.916669+00:00,401856712,BetUS,-2.0,52.0
2026-10-07 23:11:03.916669+00:00,401856712,Bovada,-1.5,51.5
2026-10-07 23:11:03.916669+00:00,401869949,DraftKings,7.5,51.5
2026-10-07 23:11:03.916669+00:00,401869949,FanDuel,7.5,51.5
2026-10-07 23:11:03.916669+00:00,401869949,LowVig.ag,7.5,52.0
2026-10-07 23:11:03.916669+00:00,401869949,BetOnline.ag,7.5,52.0
2026-10-07 23:11:03.916669+00:00,401869949,BetMGM,7.5,51.5
2026-10-07 23:11:03.916669+00:00,401869949,MyBookie.ag,7.5,52.0
2026-10-07 23:11:03.916669+00:00,401869949,BetUS,7.5,52.0
2026-10-07 23:11:03.916669+00:00,401869949,Bovada,7.5,52.0
2026-10-07 23:11:03.916669+00:00,401869949,BetRivers,7.0,52.5
2026-10-07 23:11:03.916669+00:00,401869965,DraftKings,-3.0,47.5
2026-10-07 23:11:03.916669+00:00,401869965,BetOnline.ag,-2.5,47.5
2026-10-07 23:11:03.916669+00:00,401869965,LowVig.ag,-2.5,47.5
2026-10-07 23:11:03.916669+00:00,401869965,FanDuel,-2.5,48.5
2026-10-07 23:11:03.916669+00:00,401869965,BetMGM,-3.0,47.5
2026-10-07 23:11:03.916669+00:00,401869965,MyBookie.ag,-3.0,47.0
2026-10-07 23:11:03.916669+00:00,401869965,Bovada,-3.0,47.5
2026-10-07 23:11:03.916669+00:00,401869965,BetUS,-3.0,47.5
2026-10-07 23:11:03.916669+00:00,401869965,BetRivers,-3.0,46.5
2026-10-07 23:11:03.916669+00:00,401858485,DraftKings,-1.5,54.5
2026-10-07 23:11:03.916669+00:00,401858485,MyBookie.ag,-1.5,54.5
2026-10-07 23:11:03.916669+00:00,401858485,BetRivers,-1.5,55.0
2026-10-07 23:11:03.916669+00:00,401858485,FanDuel,-1.5,54.5
2026-10-07 23:11:03.916669+00:00,401858485,LowVig.ag,-1.5,55.0
2026-10-07 23:11:03.916669+00:00,401858485,BetOnline.ag,-1.5,55.0
2026-10-07 23:11:03.916669+00:00,401858485,BetMGM,-1.5,54.5
2026-10-07 23:11:03.916669+00:00,401858485,Bovada,-1.5,55.0
2026-10-07 23:11:03.916669+00:00,401858485,BetUS,-1.5,54.5
2026-10-07 23:11:03.916669+00:00,401858258,FanDuel,-9.5,50.5
2026-10-07 23:11:03.916669+00:00,401858258,BetRivers,-9.5,50.0
2026-10-07 23:11:03.916669+00:00,401858258,BetMGM,-9.5,50.5
2026-10-07 23:11:03.916669+00:00,401858258,DraftKings,-9.5,50.5
2026-10-07 23:11:03.916669+00:00,401858258,LowVig.ag,-9.5,50.0
2026-10-07 23:11:03.916669+00:00,401858258,BetOnline.ag,-9.5,50.0
2026-10-07 23:11:03.916669+00:00,401858258,MyBookie.ag,-10.0,50.0
2026-10-07 23:11:03.916669+00:00,401858258,Bovada,-9.5,50.0
2026-10-07 23:11:03.916669+00:00,401858258,BetUS,-9.5,50.0
2026-10-07 23:11:03.916669+00:00,401858486,FanDuel,2.5,50.5
2026-10-07 23:11:03.916669+00:00,401858486,BetRivers,2.5,50.5
2026-10-07 23:11:03.916669+00:00,401858486,BetMGM,2.5,50.5
2026-10-07 23:11:03.916669+00:00,401858486,DraftKings,2.5,50.5
2026-10-07 23:11:03.916669+00:00,401858486,BetOnline.ag,2.0,50.0
2026-10-07 23:11:03.916669+00:00,401858486,LowVig.ag,2.0,50.0
2026-10-07 23:11:03.916669+00:00,401858486,MyBookie.ag,2.5,50.5
2026-10-07 23:11:03.916669+00:00,401858486,Bovada,2.5,51.0
2026-10-07 23:11:03.916669+00:00,401858486,BetUS,2.5,50.0
2026-10-07 23:11:03.916669+00:00,401856827,FanDuel,-15.5,50.5
2026-10-07 23:11:03.916669+00:00,401856827,BetRivers,-15.5,51.0
2026-10-07 23:11:03.916669+00:00,401856827,BetMGM,-15.0,50.5
2026-10-07 23:11:03.916669+00:00,401856827,DraftKings,-15.5,51.5
2026-10-07 23:11:03.916669+00:00,401856827,BetOnline.ag,-15.5,50.0
2026-10-07 23:11:03.916669+00:00,401856827,MyBookie.ag,-15.5,51.0
2026-10-07 23:11:03.916669+00:00,401856827,BetUS,-15.5,50.5
2026-10-07 23:11:03.916669+00:00,401856827,Bovada,-15.5,51.5
2026-10-07 23:11:03.916669+00:00,401856808,FanDuel,-20.5,49.5
2026-10-07 23:11:03.916669+00:00,401856808,BetRivers,-21.0,50.5
2026-10-07 23:11:03.916669+00:00,401856808,BetMGM,-20.5,49.5
2026-10-07 23:11:03.916669+00:00,401856808,LowVig.ag,-20.5,50.0
2026-10-07 23:11:03.916669+00:00,401856808,BetOnline.ag,-20.5,50.0
2026-10-07 23:11:03.916669+00:00,401856808,DraftKings,-20.5,50.5
2026-10-07 23:11:03.916669+00:00,401856808,MyBookie.ag,-20.5,50.0
2026-10-07 23:11:03.916669+00:00,401856808,BetUS,-20.5,50.0
2026-10-07 23:11:03.916669+00:00,401856808,Bovada,-21.0,50.5
2026-10-07 23:11:03.916669+00:00,401860901,FanDuel,6.5,48.5
2026-10-07 23:11:03.916669+00:00,401860901,BetRivers,6.0,48.5
2026-10-07 23:11:03.916669+00:00,401860901,BetMGM,6.5,48.5
2026-10-07 23:11:03.916669+00:00,401860901,LowVig.ag,6.5,48.5
2026-10-07 23:11:03.916669+00:00,401860901,BetOnline.ag,6.5,48.5
2026-10-07 23:11:03.916669+00:00,401860901,DraftKings,6.5,48.5
2026-10-07 23:11:03.916669+00:00,401860901,MyBookie.ag,6.5,48.5
2026-10-07 23:11:03.916669+00:00,401860901,BetUS,6.5,48.5
2026-10-07 23:11:03.916669+00:00,401860901,Bovada,6.5,48.0
2026-10-07 23:11:03.916669+00:00,401856724,FanDuel,-9.5,54.5
2026-10-07 23:11:03.916669+00:00,401856724,DraftKings,-9.5,53.5
2026-10-07 23:11:03.916669+00:00,401858488,FanDuel,3.5,50.5
2026-10-07 23:11:03.916669+00:00,401858488,DraftKings,2.5,48.5
2026-10-07 23:11:03.916669+00:00,401856830,DraftKings,-9.5,55.5
2026-10-07 23:11:03.916669+00:00,401856720,FanDuel,-10.5,59.5
2026-10-07 23:11:03.916669+00:00,401856720,DraftKings,-12.5,59.5
2026-10-07 23:11:03.916669+00:00,401858490,DraftKings,-5.5,43.5
2026-10-07 23:11:03.916669+00:00,401858492,DraftKings,-12.5,58.5
2026-10-07 23:11:03.916669+00:00,401858494,DraftKings,-3.0,49.5
2026-10-07 23:11:03.916669+00:00,401856723,DraftKings,4.5,56.5
2026-10-07 23:11:03.916669+00:00,401856723,FanDuel,5.5,54.5
2026-10-07 23:11:03.916669+00:00,401856719,DraftKings,-18.5,49.5
2026-10-07 23:11:03.916669+00:00,401856719,FanDuel,-17.5,51.5
2026-10-07 23:11:03.916669+00:00,401858266,DraftKings,-4.5,48.5
2026-10-07 23:11:03.916669+00:00,401856721,FanDuel,-7.5,58.5
2026-10-07 23:11:03.916669+00:00,401856721,DraftKings,-6.0,57.5
2026-10-07 23:11:03.916669+00:00,401858263,DraftKings,-19.5,55.5
2026-10-07 23:11:03.916669+00:00,401858263,FanDuel,-19.5,54.5
2026-10-07 23:11:03.916669+00:00,401856809,DraftKings,10.5,48.5
2026-10-07 23:11:03.916669+00:00,401856809,FanDuel,12.5,47.5
2026-10-07 23:11:03.916669+00:00,401856831,FanDuel,-2.5,57.5
2026-10-07 23:11:03.916669+00:00,401856831,DraftKings,-3.5,57.5
2026-10-07 23:11:03.916669+00:00,401856722,DraftKings,-6.5,41.5
2026-10-07 23:21:23.575355+00:00,401871051,FanDuel,2.5,43.5
2026-10-07 23:21:23.575355+00:00,401871051,MyBookie.ag,2.5,44.5
2026-10-07 23:21:23.575355+00:00,401871051,DraftKings,3.5,43.5
2026-10-07 23:21:23.575355+00:00,401871051,BetMGM,3.5,44.5
2026-10-07 23:21:23.575355+00:00,401871051,Bovada,2.5,43.5
2026-10-07 23:21:23.575355+00:00,401871066,FanDuel,-6.5,46.5
2026-10-07 23:21:23.575355+00:00,401871066,MyBookie.ag,-7.0,46.0
2026-10-07 23:21:23.575355+00:00,401871066,DraftKings,-7.0,46.5
2026-10-07 23:21:23.575355+00:00,401871066,BetRivers,-7.0,46.5
2026-10-07 23:21:23.575355+00:00,401871066,BetMGM,-7.0,46.5
2026-10-07 23:21:23.575355+00:00,401871066,LowVig.ag,-7.0,47.0
2026-10-07 23:21:23.575355+00:00,401871066,BetOnline.ag,-7.0,47.0
2026-10-07 23:21:23.575355+00:00,401871066,Bovada,-7.0,47.0
2026-10-07 23:21:23.575355+00:00,401871066,BetUS,-7.0,47.0
2026-10-07 23:21:23.575355+00:00,401870766,FanDuel,-13.5,52.5
2026-10-07 23:21:23.575355+00:00,401870766,BetRivers,-13.0,51.5
2026-10-07 23:21:23.575355+00:00,401870766,DraftKings,-13.5,52.5
2026-10-07 23:21:23.575355+00:00,401870766,BetMGM,-13.5,52.5
2026-10-07 23:21:23.575355+00:00,401870766,BetOnline.ag,-13.5,52.5
2026-10-07 23:21:23.575355+00:00,401870766,LowVig.ag,-13.5,52.5
2026-10-07 23:21:23.575355+00:00,401870766,MyBookie.ag,-13.5,52.5
2026-10-07 23:21:23.575355+00:00,401870766,Bovada,-13.5,52.5
2026-10-07 23:21:23.575355+00:00,401870766,BetUS,-13.5,52.5
2026-10-07 23:21:23.575355+00:00,401871052,FanDuel,-1.5,56.5
2026-10-07 23:21:23.575355+00:00,401871052,BetRivers,-1.0,56.5
2026-10-07 23:21:23.575355+00:00,401871052,DraftKings,-1.5,56.5
2026-10-07 23:21:23.575355+00:00,401871052,BetOnline.ag,-1.0,56.5
2026-10-07 23:21:23.575355+00:00,401871052,LowVig.ag,-1.0,56.5
2026-10-07 23:21:23.575355+00:00,401871052,MyBookie.ag,-1.5,56.5
2026-10-07 23:21:23.575355+00:00,401871052,Bovada,-1.5,56.5
2026-10-07 23:21:23.575355+00:00,401871052,BetUS,-1.5,56.5
2026-10-07 23:21:23.575355+00:00,401871052,BetMGM,-1.5,56.5
2026-10-07 23:21:23.575355+00:00,401869933,FanDuel,-1.5,59.5
2026-10-07 23:21:23.575355+00:00,401869933,BetRivers,-1.5,58.5
2026-10-07 23:21:23.575355+00:00,401869933,DraftKings,-1.5,60.5
2026-10-07 23:21:23.575355+00:00,401869933,LowVig.ag,-1.5,60.5
2026-10-07 23:21:23.575355+00:00,401869933,BetOnline.ag,-1.5,60.5
2026-10-07 23:21:23.575355+00:00,401869933,BetMGM,-1.5,60.5
2026-10-07 23:21:23.575355+00:00,401869933,MyBookie.ag,-1.5,60.0
2026-10-07 23:21:23.575355+00:00,401869933,Bovada,-1.5,60.0
2026-10-07 23:21:23.575355+00:00,401869933,BetUS,-1.5,60.5
2026-10-07 23:21:23.575355+00:00,401862794,FanDuel,-7.5,50.5
2026-10-07 23:21:23.575355+00:00,401862794,BetRivers,-7.0,49.5
2026-10-07 23:21:23.575355+00:00,401862794,BetMGM,-7.0,49.5
2026-10-07 23:21:23.575355+00:00,401862794,DraftKings,-7.0,49.5
2026-10-07 23:21:23.575355+00:00,401862794,LowVig.ag,-7.0,50.0
2026-10-07 23:21:23.575355+00:00,401862794,BetOnline.ag,-7.0,50.0
2026-10-07 23:21:23.575355+00:00,401862794,MyBookie.ag,-7.0,50.0
2026-10-07 23:21:23.575355+00:00,401862794,Bovada,-7.0,50.0
2026-10-07 23:21:23.575355+00:00,401862794,BetUS,-7.0,50.0
2026-10-07 23:21:23.575355+00:00,401858254,DraftKings,-3.5,59.5
2026-10-07 23:21:23.575355+00:00,401858254,FanDuel,-3.5,59.5
2026-10-07 23:21:23.575355+00:00,401858254,BetRivers,-3.5,59.0
2026-10-07 23:21:23.575355+00:00,401858254,BetMGM,-3.5,59.5
2026-10-07 23:21:23.575355+00:00,401858254,BetOnline.ag,-3.5,59.0
2026-10-07 23:21:23.575355+00:00,401858254,LowVig.ag,-3.5,59.0
2026-10-07 23:21:23.575355+00:00,401858254,MyBookie.ag,-3.5,59.0
2026-10-07 23:21:23.575355+00:00,401858254,Bovada,-3.5,59.0
2026-10-07 23:21:23.575355+00:00,401858254,BetUS,-3.5,59.0
2026-10-07 23:21:23.575355+00:00,401858487,DraftKings,-3.0,41.5
2026-10-07 23:21:23.575355+00:00,401858487,BetRivers,-3.5,41.5
2026-10-07 23:21:23.575355+00:00,401858487,MyBookie.ag,-3.0,41.5
2026-10-07 23:21:23.575355+00:00,401858487,FanDuel,-3.5,41.5
2026-10-07 23:21:23.575355+00:00,401858487,BetMGM,-3.0,41.5
2026-10-07 23:21:23.575355+00:00,401858487,LowVig.ag,-3.0,41.0
2026-10-07 23:21:23.575355+00:00,401858487,BetOnline.ag,-3.5,41.0
2026-10-07 23:21:23.575355+00:00,401858487,Bovada,-3.0,42.0
2026-10-07 23:21:23.575355+00:00,401858487,BetUS,-3.0,41.0
2026-10-07 23:21:23.575355+00:00,401864519,FanDuel,-5.5,42.5
2026-10-07 23:21:23.575355+00:00,401864519,DraftKings,-6.0,42.5
2026-10-07 23:21:23.575355+00:00,401864519,BetRivers,-6.5,42.5
2026-10-07 23:21:23.575355+00:00,401864519,LowVig.ag,-6.5,43.0
2026-10-07 23:21:23.575355+00:00,401864519,BetOnline.ag,-6.5,43.0
2026-10-07 23:21:23.575355+00:00,401864519,BetMGM,-6.0,43.5
2026-10-07 23:21:23.575355+00:00,401864519,MyBookie.ag,-6.0,42.5
2026-10-07 23:21:23.575355+00:00,401864519,Bovada,-6.0,42.5
2026-10-07 23:21:23.575355+00:00,401864519,BetUS,-6.0,43.0
2026-10-07 23:21:23.575355+00:00,401860922,FanDuel,-5.5,43.5
2026-10-07 23:21:23.575355+00:00,401860922,BetRivers,-5.5,43.5
2026-10-07 23:21:23.575355+00:00,401860922,BetMGM,-5.5,44.5
2026-10-07 23:21:23.575355+00:00,401860922,DraftKings,-5.5,44.5
2026-10-07 23:21:23.575355+00:00,401860922,BetOnline.ag,-5.5,44.0
2026-10-07 23:21:23.575355+00:00,401860922,LowVig.ag,-5.5,44.0
2026-10-07 23:21:23.575355+00:00,401860922,MyBookie.ag,-5.5,44.0
2026-10-07 23:21:23.575355+00:00,401860922,Bovada,-5.5,44.0
2026-10-07 23:21:23.575355+00:00,401860922,BetUS,-5.5,44.0
2026-10-07 23:21:23.575355+00:00,401856826,DraftKings,-10.0,46.5
2026-10-07 23:21:23.575355+00:00,401856826,BetRivers,-10.5,46.5
2026-10-07 23:21:23.575355+00:00,401856826,MyBookie.ag,-10.0,46.0
2026-10-07 23:21:23.575355+00:00,401856826,FanDuel,-10.5,46.5
2026-10-07 23:21:23.575355+00:00,401856826,BetMGM,-10.0,46.5
2026-10-07 23:21:23.575355+00:00,401856826,LowVig.ag,-10.0,46.5
2026-10-07 23:21:23.575355+00:00,401856826,BetOnline.ag,-10.0,46.5
2026-10-07 23:21:23.575355+00:00,401856826,Bovada,-10.0,46.0
2026-10-07 23:21:23.575355+00:00,401856826,BetUS,-10.0,46.0
2026-10-07 23:21:23.575355+00:00,401856823,FanDuel,3.5,61.5
2026-10-07 23:21:23.575355+00:00,401856823,BetRivers,3.0,61.0
2026-10-07 23:21:23.575355+00:00,401856823,BetMGM,3.0,61.5
2026-10-07 23:21:23.575355+00:00,401856823,DraftKings,3.0,61.5
2026-10-07 23:21:23.575355+00:00,401856823,LowVig.ag,3.0,61.5
2026-10-07 23:21:23.575355+00:00,401856823,BetOnline.ag,3.0,61.5
2026-10-07 23:21:23.575355+00:00,401856823,MyBookie.ag,3.0,61.5
2026-10-07 23:21:23.575355+00:00,401856823,Bovada,3.0,61.0
2026-10-07 23:21:23.575355+00:00,401856823,BetUS,3.5,61.5
2026-10-07 23:21:23.575355+00:00,401862795,DraftKings,-3.0,48.5
2026-10-07 23:21:23.575355+00:00,401862795,BetOnline.ag,-3.0,48.0
2026-10-07 23:21:23.575355+00:00,401862795,LowVig.ag,-3.0,48.0
2026-10-07 23:21:23.575355+00:00,401862795,FanDuel,-3.5,47.5
2026-10-07 23:21:23.575355+00:00,401862795,BetRivers,-3.5,47.5
2026-10-07 23:21:23.575355+00:00,401862795,BetMGM,-3.5,48.5
2026-10-07 23:21:23.575355+00:00,401862795,MyBookie.ag,-3.5,48.0
2026-10-07 23:21:23.575355+00:00,401862795,Bovada,-3.0,48.5
2026-10-07 23:21:23.575355+00:00,401862795,BetUS,-3.0,48.0
2026-10-07 23:21:23.575355+00:00,401866436,DraftKings,-7.5,44.5
2026-10-07 23:21:23.575355+00:00,401866436,FanDuel,-7.5,44.5
2026-10-07 23:21:23.575355+00:00,401866436,BetRivers,-7.5,44.5
2026-10-07 23:21:23.575355+00:00,401866436,LowVig.ag,-7.0,44.5
2026-10-07 23:21:23.575355+00:00,401866436,BetOnline.ag,-7.0,44.5
2026-10-07 23:21:23.575355+00:00,401866436,BetMGM,-7.5,44.5
2026-10-07 23:21:23.575355+00:00,401866436,MyBookie.ag,-7.5,44.5
2026-10-07 23:21:23.575355+00:00,401866436,Bovada,-8.0,44.5
2026-10-07 23:21:23.575355+00:00,401866436,BetUS,-8.5,44.5
2026-10-07 23:21:23.575355+00:00,401858481,FanDuel,7.5,48.5
2026-10-07 23:21:23.575355+00:00,401858481,DraftKings,7.5,48.5
2026-10-07 23:21:23.575355+00:00,401858481,BetRivers,7.5,49.5
2026-10-07 23:21:23.575355+00:00,401858481,MyBookie.ag,7.5,49.0
2026-10-07 23:21:23.575355+00:00,401858481,BetMGM,7.5,48.5
2026-10-07 23:21:23.575355+00:00,401858481,LowVig.ag,7.0,49.0
2026-10-07 23:21:23.575355+00:00,401858481,BetOnline.ag,7.0,49.0
2026-10-07 23:21:23.575355+00:00,401858481,Bovada,7.5,49.0
2026-10-07 23:21:23.575355+00:00,401858481,BetUS,7.5,49.0
2026-10-07 23:21:23.575355+00:00,401856716,DraftKings,-3.5,48.5
2026-10-07 23:21:23.575355+00:00,401856716,BetRivers,-3.0,48.5
2026-10-07 23:21:23.575355+00:00,401856716,MyBookie.ag,-3.5,48.5
2026-10-07 23:21:23.575355+00:00,401856716,FanDuel,-3.5,48.5
2026-10-07 23:21:23.575355+00:00,401856716,BetMGM,-3.5,48.5
2026-10-07 23:21:23.575355+00:00,401856716,BetOnline.ag,-3.5,48.0
2026-10-07 23:21:23.575355+00:00,401856716,LowVig.ag,-3.5,48.0
2026-10-07 23:21:23.575355+00:00,401856716,BetUS,-3.5,48.0
2026-10-07 23:21:23.575355+00:00,401856716,Bovada,-3.5,48.5
2026-10-07 23:21:23.575355+00:00,401858260,FanDuel,3.5,59.5
2026-10-07 23:21:23.575355+00:00,401858260,BetRivers,3.5,59.5
2026-10-07 23:21:23.575355+00:00,401858260,BetMGM,3.0,59.5
2026-10-07 23:21:23.575355+00:00,401858260,DraftKings,3.5,59.5
2026-10-07 23:21:23.575355+00:00,401858260,LowVig.ag,3.5,60.0
2026-10-07 23:21:23.575355+00:00,401858260,BetOnline.ag,3.5,60.0
2026-10-07 23:21:23.575355+00:00,401858260,MyBookie.ag,3.5,59.5
2026-10-07 23:21:23.575355+00:00,401858260,Bovada,3.5,59.5
2026-10-07 23:21:23.575355+00:00,401858260,BetUS,3.5,60.0
2026-10-07 23:21:23.575355+00:00,401858256,FanDuel,-3.5,47.5
2026-10-07 23:21:23.575355+00:00,401858256,BetRivers,-4.0,47.0
2026-10-07 23:21:23.575355+00:00,401858256,BetMGM,-3.5,47.5
2026-10-07 23:21:23.575355+00:00,401858256,BetOnline.ag,-4.0,47.0
2026-10-07 23:21:23.575355+00:00,401858256,LowVig.ag,-3.5,47.0
2026-10-07 23:21:23.575355+00:00,401858256,DraftKings,-4.0,47.5
2026-10-07 23:21:23.575355+00:00,401858256,MyBookie.ag,-4.0,47.0
2026-10-07 23:21:23.575355+00:00,401858256,Bovada,-4.0,47.0
2026-10-07 23:21:23.575355+00:00,401858256,BetUS,-4.0,47.0
2026-10-07 23:21:23.575355+00:00,401856824,FanDuel,-10.5,53.5
2026-10-07 23:21:23.575355+00:00,401856824,BetRivers,-10.0,53.5
2026-10-07 23:21:23.575355+00:00,401856824,BetMGM,-11.0,53.5
2026-10-07 23:21:23.575355+00:00,401856824,DraftKings,-10.5,53.5
2026-10-07 23:21:23.575355+00:00,401856824,LowVig.ag,-10.5,53.0
2026-10-07 23:21:23.575355+00:00,401856824,BetOnline.ag,-10.5,53.0
2026-10-07 23:21:23.575355+00:00,401856824,MyBookie.ag,-11.5,53.5
2026-10-07 23:21:23.575355+00:00,401856824,Bovada,-11.0,53.5
2026-10-07 23:21:23.575355+00:00,401856824,BetUS,-11.0,53.5
2026-10-07 23:21:23.575355+00:00,401858482,FanDuel,-36.5,52.5
2026-10-07 23:21:23.575355+00:00,401858482,BetRivers,-37.5,53.5
2026-10-07 23:21:23.575355+00:00,401858482,BetMGM,-37.0,52.5
2026-10-07 23:21:23.575355+00:00,401858482,DraftKings,-36.5,52.5
2026-10-07 23:21:23.575355+00:00,401858482,BetOnline.ag,-37.0,52.5
2026-10-07 23:21:23.575355+00:00,401858482,LowVig.ag,-37.0,52.5
2026-10-07 23:21:23.575355+00:00,401858482,BetUS,-37.0,52.5
2026-10-07 23:21:23.575355+00:00,401858482,Bovada,-37.0,52.5
2026-10-07 23:21:23.575355+00:00,401856714,DraftKings,-11.5,60.5
2026-10-07 23:21:23.575355+00:00,401856714,BetRivers,-12.5,61.0
2026-10-07 23:21:23.575355+00:00,401856714,MyBookie.ag,-11.5,60.5
2026-10-07 23:21:23.575355+00:00,401856714,FanDuel,-12.5,60.5
2026-10-07 23:21:23.575355+00:00,401856714,BetMGM,-11.5,59.5
2026-10-07 23:21:23.575355+00:00,401856714,LowVig.ag,-12.0,60.5
2026-10-07 23:21:23.575355+00:00,401856714,BetOnline.ag,-12.0,60.5
2026-10-07 23:21:23.575355+00:00,401856714,Bovada,-11.0,60.0
2026-10-07 23:21:23.575355+00:00,401856714,BetUS,-11.5,60.0
2026-10-07 23:21:23.575355+00:00,401869843,DraftKings,-9.5,49.5
2026-10-07 23:21:23.575355+00:00,401869843,FanDuel,-9.5,50.5
2026-10-07 23:21:23.575355+00:00,401869843,LowVig.ag,-9.5,49.5
2026-10-07 23:21:23.575355+00:00,401869843,BetOnline.ag,-9.5,49.5
2026-10-07 23:21:23.575355+00:00,401869843,BetRivers,-9.5,50.5
2026-10-07 23:21:23.575355+00:00,401869843,BetMGM,-10.0,49.5
2026-10-07 23:21:23.575355+00:00,401869843,MyBookie.ag,-10.0,49.5
2026-10-07 23:21:23.575355+00:00,401869843,Bovada,-9.5,49.5
2026-10-07 23:21:23.575355+00:00,401869843,BetUS,-10.0,49.5
2026-10-07 23:21:23.575355+00:00,401866435,DraftKings,7.0,51.5
2026-10-07 23:21:23.575355+00:00,401866435,FanDuel,6.5,52.5
2026-10-07 23:21:23.575355+00:00,401866435,LowVig.ag,7.0,52.0
2026-10-07 23:21:23.575355+00:00,401866435,BetOnline.ag,7.0,52.0
2026-10-07 23:21:23.575355+00:00,401866435,BetRivers,7.0,51.5
2026-10-07 23:21:23.575355+00:00,401866435,BetMGM,7.0,51.5
2026-10-07 23:21:23.575355+00:00,401866435,MyBookie.ag,7.0,52.0
2026-10-07 23:21:23.575355+00:00,401866435,Bovada,6.5,51.5
2026-10-07 23:21:23.575355+00:00,401866435,BetUS,7.0,52.0
2026-10-07 23:21:23.575355+00:00,401866437,DraftKings,-21.0,54.5
2026-10-07 23:21:23.575355+00:00,401866437,FanDuel,-20.5,54.5
2026-10-07 23:21:23.575355+00:00,401866437,LowVig.ag,-20.5,54.5
2026-10-07 23:21:23.575355+00:00,401866437,BetOnline.ag,-20.5,54.5
2026-10-07 23:21:23.575355+00:00,401866437,BetRivers,-21.5,54.5
2026-10-07 23:21:23.575355+00:00,401866437,BetMGM,-21.0,54.5
2026-10-07 23:21:23.575355+00:00,401866437,MyBookie.ag,-21.0,54.5
2026-10-07 23:21:23.575355+00:00,401866437,Bovada,-21.0,55.0
2026-10-07 23:21:23.575355+00:00,401866437,BetUS,-21.0,55.0
2026-10-07 23:21:23.575355+00:00,401858259,FanDuel,9.5,53.5
2026-10-07 23:21:23.575355+00:00,401858259,BetRivers,9.5,54.0
2026-10-07 23:21:23.575355+00:00,401858259,BetMGM,10.0,53.5
2026-10-07 23:21:23.575355+00:00,401858259,DraftKings,10.0,53.5
2026-10-07 23:21:23.575355+00:00,401858259,LowVig.ag,9.5,53.0
2026-10-07 23:21:23.575355+00:00,401858259,BetOnline.ag,9.5,53.0
2026-10-07 23:21:23.575355+00:00,401858259,MyBookie.ag,10.0,53.0
2026-10-07 23:21:23.575355+00:00,401858259,BetUS,9.5,53.0
2026-10-07 23:21:23.575355+00:00,401858259,Bovada,10.0,53.5
2026-10-07 23:21:23.575355+00:00,401866438,DraftKings,-3.0,46.5
2026-10-07 23:21:23.575355+00:00,401866438,FanDuel,-2.5,46.5
2026-10-07 23:21:23.575355+00:00,401866438,LowVig.ag,-3.0,46.5
2026-10-07 23:21:23.575355+00:00,401866438,BetOnline.ag,-3.0,46.5
2026-10-07 23:21:23.575355+00:00,401866438,BetRivers,-3.0,46.5
2026-10-07 23:21:23.575355+00:00,401866438,BetMGM,-3.0,46.5
2026-10-07 23:21:23.575355+00:00,401866438,MyBookie.ag,-3.0,46.0
2026-10-07 23:21:23.575355+00:00,401866438,Bovada,-3.0,46.0
2026-10-07 23:21:23.575355+00:00,401866438,BetUS,-3.0,46.5
2026-10-07 23:21:23.575355+00:00,401862796,DraftKings,-28.5,57.5
2026-10-07 23:21:23.575355+00:00,401862796,FanDuel,-28.5,57.5
2026-10-07 23:21:23.575355+00:00,401862796,BetOnline.ag,-28.5,57.5
2026-10-07 23:21:23.575355+00:00,401862796,LowVig.ag,-28.5,57.5
2026-10-07 23:21:23.575355+00:00,401862796,BetRivers,-28.0,57.5
2026-10-07 23:21:23.575355+00:00,401862796,BetMGM,-28.5,57.5
2026-10-07 23:21:23.575355+00:00,401862796,MyBookie.ag,-28.5,58.0
2026-10-07 23:21:23.575355+00:00,401862796,BetUS,-28.5,58.0
2026-10-07 23:21:23.575355+00:00,401862796,Bovada,-28.0,58.0
2026-10-07 23:21:23.575355+00:00,401858255,FanDuel,6.5,44.5
2026-10-07 23:21:23.575355+00:00,401858255,BetRivers,6.5,44.0
2026-10-07 23:21:23.575355+00:00,401858255,BetMGM,6.5,44.5
2026-10-07 23:21:23.575355+00:00,401858255,DraftKings,6.5,44.5
2026-10-07 23:21:23.575355+00:00,401858255,BetOnline.ag,6.5,43.5
2026-10-07 23:21:23.575355+00:00,401858255,LowVig.ag,6.5,43.5
2026-10-07 23:21:23.575355+00:00,401858255,MyBookie.ag,6.5,44.0
2026-10-07 23:21:23.575355+00:00,401858255,Bovada,6.5,44.0
2026-10-07 23:21:23.575355+00:00,401858255,BetUS,7.0,44.0
2026-10-07 23:21:23.575355+00:00,401856825,FanDuel,-2.5,55.5
2026-10-07 23:21:23.575355+00:00,401856825,BetRivers,-2.5,56.0
2026-10-07 23:21:23.575355+00:00,401856825,BetMGM,-2.5,55.5
2026-10-07 23:21:23.575355+00:00,401856825,DraftKings,-2.5,55.5
2026-10-07 23:21:23.575355+00:00,401856825,LowVig.ag,-2.5,55.0
2026-10-07 23:21:23.575355+00:00,401856825,BetOnline.ag,-2.5,55.0
2026-10-07 23:21:23.575355+00:00,401856825,MyBookie.ag,-2.5,55.5
2026-10-07 23:21:23.575355+00:00,401856825,BetUS,-2.5,55.5
2026-10-07 23:21:23.575355+00:00,401856825,Bovada,-2.5,55.5
2026-10-07 23:21:23.575355+00:00,401858480,FanDuel,2.5,48.5
2026-10-07 23:21:23.575355+00:00,401858480,BetRivers,2.5,47.5
2026-10-07 23:21:23.575355+00:00,401858480,BetMGM,2.5,47.5
2026-10-07 23:21:23.575355+00:00,401858480,DraftKings,2.5,47.5
2026-10-07 23:21:23.575355+00:00,401858480,BetOnline.ag,2.5,48.0
2026-10-07 23:21:23.575355+00:00,401858480,LowVig.ag,2.5,48.0
2026-10-07 23:21:23.575355+00:00,401858480,MyBookie.ag,2.5,48.0
2026-10-07 23:21:23.575355+00:00,401858480,Bovada,2.5,48.0
2026-10-07 23:21:23.575355+00:00,401858480,BetUS,2.5,48.0
2026-10-07 23:21:23.575355+00:00,401866439,DraftKings,-13.5,43.5
2026-10-07 23:21:23.575355+00:00,401866439,LowVig.ag,-13.5,43.5
2026-10-07 23:21:23.575355+00:00,401866439,BetOnline.ag,-13.5,43.5
2026-10-07 23:21:23.575355+00:00,401866439,FanDuel,-13.5,43.5
2026-10-07 23:21:23.575355+00:00,401866439,BetMGM,-13.5,43.5
2026-10-07 23:21:23.575355+00:00,401866439,MyBookie.ag,-14.0,43.5
2026-10-07 23:21:23.575355+00:00,401866439,Bovada,-13.5,43.5
2026-10-07 23:21:23.575355+00:00,401866439,BetUS,-13.5,43.5
2026-10-07 23:21:23.575355+00:00,401866439,BetRivers,-14.0,43.5
2026-10-07 23:21:23.575355+00:00,401862799,FanDuel,-2.5,48.5
2026-10-07 23:21:23.575355+00:00,401862799,BetRivers,-2.5,48.5
2026-10-07 23:21:23.575355+00:00,401862799,BetMGM,-2.5,48.5
2026-10-07 23:21:23.575355+00:00,401862799,DraftKings,-2.5,48.5
2026-10-07 23:21:23.575355+00:00,401862799,LowVig.ag,-2.5,48.5
2026-10-07 23:21:23.575355+00:00,401862799,BetOnline.ag,-2.5,48.5
2026-10-07 23:21:23.575355+00:00,401862799,MyBookie.ag,-2.5,48.5
2026-10-07 23:21:23.575355+00:00,401862799,BetUS,-2.5,48.5
2026-10-07 23:21:23.575355+00:00,401862799,Bovada,-2.5,49.0
2026-10-07 23:21:23.575355+00:00,401858257,DraftKings,-38.5,54.5
2026-10-07 23:21:23.575355+00:00,401858257,FanDuel,-37.5,54.5
2026-10-07 23:21:23.575355+00:00,401858257,BetRivers,-38.5,54.5
2026-10-07 23:21:23.575355+00:00,401858257,BetMGM,-38.5,54.5
2026-10-07 23:21:23.575355+00:00,401858257,BetOnline.ag,-38.5,54.0
2026-10-07 23:21:23.575355+00:00,401858257,LowVig.ag,-38.5,54.0
2026-10-07 23:21:23.575355+00:00,401858257,BetUS,-38.5,54.0
2026-10-07 23:21:23.575355+00:00,401858257,Bovada,-38.0,54.5
2026-10-07 23:21:23.575355+00:00,401856717,FanDuel,7.5,38.5
2026-10-07 23:21:23.575355+00:00,401856717,BetMGM,7.5,39.5
2026-10-07 23:21:23.575355+00:00,401856717,DraftKings,7.5,39.5
2026-10-07 23:21:23.575355+00:00,401856717,BetRivers,7.5,39.0
2026-10-07 23:21:23.575355+00:00,401856717,MyBookie.ag,7.5,39.5
2026-10-07 23:21:23.575355+00:00,401856717,BetOnline.ag,7.5,39.5
2026-10-07 23:21:23.575355+00:00,401856717,LowVig.ag,7.5,39.5
2026-10-07 23:21:23.575355+00:00,401856717,BetUS,7.5,39.5
2026-10-07 23:21:23.575355+00:00,401856717,Bovada,7.5,39.0
2026-10-07 23:21:23.575355+00:00,401856718,FanDuel,10.5,54.5
2026-10-07 23:21:23.575355+00:00,401856718,DraftKings,10.0,56.5
2026-10-07 23:21:23.575355+00:00,401856718,BetRivers,10.0,56.5
2026-10-07 23:21:23.575355+00:00,401856718,BetOnline.ag,9.5,56.5
2026-10-07 23:21:23.575355+00:00,401856718,BetMGM,9.5,56.5
2026-10-07 23:21:23.575355+00:00,401856718,MyBookie.ag,10.0,56.0
2026-10-07 23:21:23.575355+00:00,401856718,BetUS,10.0,56.5
2026-10-07 23:21:23.575355+00:00,401856718,Bovada,9.5,56.5
2026-10-07 23:21:23.575355+00:00,401858484,FanDuel,-11.5,58.5
2026-10-07 23:21:23.575355+00:00,401858484,DraftKings,-11.5,58.5
2026-10-07 23:21:23.575355+00:00,401858484,BetRivers,-12.0,59.0
2026-10-07 23:21:23.575355+00:00,401858484,MyBookie.ag,-11.5,58.5
2026-10-07 23:21:23.575355+00:00,401858484,BetMGM,-11.5,58.5
2026-10-07 23:21:23.575355+00:00,401858484,BetOnline.ag,-12.0,58.5
2026-10-07 23:21:23.575355+00:00,401858484,LowVig.ag,-12.0,58.5
2026-10-07 23:21:23.575355+00:00,401858484,BetUS,-11.5,58.5
2026-10-07 23:21:23.575355+00:00,401861964,FanDuel,-3.5,54.5
2026-10-07 23:21:23.575355+00:00,401861964,LowVig.ag,-4.0,55.0
2026-10-07 23:21:23.575355+00:00,401861964,BetOnline.ag,-3.5,55.0
2026-10-07 23:21:23.575355+00:00,401861964,DraftKings,-3.5,54.5
2026-10-07 23:21:23.575355+00:00,401861964,BetMGM,-3.5,54.5
2026-10-07 23:21:23.575355+00:00,401861964,MyBookie.ag,-3.5,55.0
2026-10-07 23:21:23.575355+00:00,401861964,Bovada,-3.5,54.5
2026-10-07 23:21:23.575355+00:00,401861964,BetUS,-3.5,54.5
2026-10-07 23:21:23.575355+00:00,401861964,BetRivers,-4.5,53.5
2026-10-07 23:21:23.575355+00:00,401862797,DraftKings,-10.0,47.5
2026-10-07 23:21:23.575355+00:00,401862797,LowVig.ag,-10.0,47.0
2026-10-07 23:21:23.575355+00:00,401862797,BetOnline.ag,-10.0,47.0
2026-10-07 23:21:23.575355+00:00,401862797,FanDuel,-9.5,47.5
2026-10-07 23:21:23.575355+00:00,401862797,BetMGM,-10.0,47.5
2026-10-07 23:21:23.575355+00:00,401862797,MyBookie.ag,-10.0,47.0
2026-10-07 23:21:23.575355+00:00,401862797,Bovada,-10.0,47.5
2026-10-07 23:21:23.575355+00:00,401862797,BetUS,-10.0,47.0
2026-10-07 23:21:23.575355+00:00,401862797,BetRivers,-10.5,47.5
2026-10-07 23:21:23.575355+00:00,401856713,FanDuel,13.5,51.5
2026-10-07 23:21:23.575355+00:00,401856713,BetRivers,13.5,51.0
2026-10-07 23:21:23.575355+00:00,401856713,BetMGM,13.5,51.5
2026-10-07 23:21:23.575355+00:00,401856713,DraftKings,13.5,51.5
2026-10-07 23:21:23.575355+00:00,401856713,LowVig.ag,13.5,51.0
2026-10-07 23:21:23.575355+00:00,401856713,BetOnline.ag,13.5,51.0
2026-10-07 23:21:23.575355+00:00,401856713,MyBookie.ag,13.5,51.0
2026-10-07 23:21:23.575355+00:00,401856713,BetUS,13.5,51.0
2026-10-07 23:21:23.575355+00:00,401856713,Bovada,13.5,51.5
2026-10-07 23:21:23.575355+00:00,401858483,DraftKings,-34.5,56.5
2026-10-07 23:21:23.575355+00:00,401858483,FanDuel,-34.5,56.5
2026-10-07 23:21:23.575355+00:00,401858483,BetRivers,-34.5,56.0
2026-10-07 23:21:23.575355+00:00,401858483,BetMGM,-34.0,56.5
2026-10-07 23:21:23.575355+00:00,401858483,LowVig.ag,-34.0,56.5
2026-10-07 23:21:23.575355+00:00,401858483,BetOnline.ag,-34.0,56.5
2026-10-07 23:21:23.575355+00:00,401858483,Bovada,-34.5,56.0
2026-10-07 23:21:23.575355+00:00,401858483,BetUS,-34.0,56.5
2026-10-07 23:21:23.575355+00:00,401860902,FanDuel,-14.5,53.5
2026-10-07 23:21:23.575355+00:00,401860902,BetRivers,-15.0,53.5
2026-10-07 23:21:23.575355+00:00,401860902,BetMGM,-15.5,53.5
2026-10-07 23:21:23.575355+00:00,401860902,LowVig.ag,-14.5,53.5
2026-10-07 23:21:23.575355+00:00,401860902,BetOnline.ag,-14.5,53.5
2026-10-07 23:21:23.575355+00:00,401860902,DraftKings,-15.5,53.5
2026-10-07 23:21:23.575355+00:00,401860902,MyBookie.ag,-15.5,53.5
2026-10-07 23:21:23.575355+00:00,401860902,BetUS,-15.0,53.5
2026-10-07 23:21:23.575355+00:00,401860902,Bovada,-15.5,53.5
2026-10-07 23:21:23.575355+00:00,401869943,DraftKings,-3.0,58.5
2026-10-07 23:21:23.575355+00:00,401869943,FanDuel,-3.5,58.5
2026-10-07 23:21:23.575355+00:00,401869943,LowVig.ag,-3.0,57.0
2026-10-07 23:21:23.575355+00:00,401869943,BetOnline.ag,-3.0,57.0
2026-10-07 23:21:23.575355+00:00,401869943,BetRivers,-3.0,59.5
2026-10-07 23:21:23.575355+00:00,401869943,BetMGM,-3.0,58.5
2026-10-07 23:21:23.575355+00:00,401869943,MyBookie.ag,-3.0,58.0
2026-10-07 23:21:23.575355+00:00,401869943,BetUS,-3.0,58.0
2026-10-07 23:21:23.575355+00:00,401869943,Bovada,-3.0,58.5
2026-10-07 23:21:23.575355+00:00,401856715,DraftKings,8.5,51.5
2026-10-07 23:21:23.575355+00:00,401856715,BetRivers,9.0,52.0
2026-10-07 23:21:23.575355+00:00,401856715,MyBookie.ag,8.5,52.0
2026-10-07 23:21:23.575355+00:00,401856715,FanDuel,8.5,51.5
2026-10-07 23:21:23.575355+00:00,401856715,BetOnline.ag,8.0,51.5
2026-10-07 23:21:23.575355+00:00,401856715,LowVig.ag,8.0,51.5
2026-10-07 23:21:23.575355+00:00,401856715,BetMGM,8.0,51.5
2026-10-07 23:21:23.575355+00:00,401856715,Bovada,8.5,52.0
2026-10-07 23:21:23.575355+00:00,401856715,BetUS,8.0,52.0
2026-10-07 23:21:23.575355+00:00,401862798,DraftKings,-14.0,52.5
2026-10-07 23:21:23.575355+00:00,401862798,FanDuel,-14.5,52.5
2026-10-07 23:21:23.575355+00:00,401862798,BetRivers,-14.0,52.5
2026-10-07 23:21:23.575355+00:00,401862798,LowVig.ag,-14.0,52.5
2026-10-07 23:21:23.575355+00:00,401862798,BetOnline.ag,-14.0,52.5
2026-10-07 23:21:23.575355+00:00,401862798,BetMGM,-14.0,52.5
2026-10-07 23:21:23.575355+00:00,401862798,MyBookie.ag,-14.0,52.5
2026-10-07 23:21:23.575355+00:00,401862798,BetUS,-14.0,52.5
2026-10-07 23:21:23.575355+00:00,401862798,Bovada,-13.5,52.5
2026-10-07 23:21:23.575355+00:00,401864517,DraftKings,9.5,49.5
2026-10-07 23:21:23.575355+00:00,401864517,LowVig.ag,9.5,49.5
2026-10-07 23:21:23.575355+00:00,401864517,BetOnline.ag,9.5,49.5
2026-10-07 23:21:23.575355+00:00,401864517,FanDuel,8.5,49.5
2026-10-07 23:21:23.575355+00:00,401864517,BetMGM,9.5,49.5
2026-10-07 23:21:23.575355+00:00,401864517,MyBookie.ag,9.0,49.0
2026-10-07 23:21:23.575355+00:00,401864517,BetUS,9.0,49.0
2026-10-07 23:21:23.575355+00:00,401864517,Bovada,9.5,49.5
2026-10-07 23:21:23.575355+00:00,401864517,BetRivers,9.5,49.5
2026-10-07 23:21:23.575355+00:00,401864518,FanDuel,3.5,48.5
2026-10-07 23:21:23.575355+00:00,401864518,LowVig.ag,3.0,48.0
2026-10-07 23:21:23.575355+00:00,401864518,BetOnline.ag,3.0,48.0
2026-10-07 23:21:23.575355+00:00,401864518,DraftKings,3.0,47.5
2026-10-07 23:21:23.575355+00:00,401864518,BetMGM,3.5,47.5
2026-10-07 23:21:23.575355+00:00,401864518,MyBookie.ag,3.5,48.0
2026-10-07 23:21:23.575355+00:00,401864518,BetUS,3.0,48.0
2026-10-07 23:21:23.575355+00:00,401864518,Bovada,3.0,48.0
2026-10-07 23:21:23.575355+00:00,401864518,BetRivers,3.0,47.5
2026-10-07 23:21:23.575355+00:00,401864516,FanDuel,7.5,46.5
2026-10-07 23:21:23.575355+00:00,401864516,LowVig.ag,7.0,46.0
2026-10-07 23:21:23.575355+00:00,401864516,DraftKings,7.5,46.5
2026-10-07 23:21:23.575355+00:00,401864516,BetOnline.ag,7.0,46.0
2026-10-07 23:21:23.575355+00:00,401864516,BetMGM,7.5,46.5
2026-10-07 23:21:23.575355+00:00,401864516,MyBookie.ag,7.5,47.0
2026-10-07 23:21:23.575355+00:00,401864516,BetUS,7.0,46.0
2026-10-07 23:21:23.575355+00:00,401864516,Bovada,7.5,47.0
2026-10-07 23:21:23.575355+00:00,401864516,BetRivers,7.5,47.5
2026-10-07 23:21:23.575355+00:00,401856712,FanDuel,-1.5,51.5
2026-10-07 23:21:23.575355+00:00,401856712,BetMGM,-2.0,51.5
2026-10-07 23:21:23.575355+00:00,401856712,DraftKings,-1.5,51.5
2026-10-07 23:21:23.575355+00:00,401856712,BetRivers,-1.5,52.0
2026-10-07 23:21:23.575355+00:00,401856712,MyBookie.ag,-1.5,51.5
2026-10-07 23:21:23.575355+00:00,401856712,BetOnline.ag,-2.0,51.5
2026-10-07 23:21:23.575355+00:00,401856712,LowVig.ag,-2.0,51.5
2026-10-07 23:21:23.575355+00:00,401856712,BetUS,-2.0,52.0
2026-10-07 23:21:23.575355+00:00,401856712,Bovada,-1.5,51.5
2026-10-07 23:21:23.575355+00:00,401869949,DraftKings,7.5,51.5
2026-10-07 23:21:23.575355+00:00,401869949,FanDuel,7.5,51.5
2026-10-07 23:21:23.575355+00:00,401869949,LowVig.ag,7.5,52.0
2026-10-07 23:21:23.575355+00:00,401869949,BetOnline.ag,7.5,52.0
2026-10-07 23:21:23.575355+00:00,401869949,BetMGM,7.5,51.5
2026-10-07 23:21:23.575355+00:00,401869949,MyBookie.ag,7.5,52.0
2026-10-07 23:21:23.575355+00:00,401869949,BetUS,7.5,52.0
2026-10-07 23:21:23.575355+00:00,401869949,Bovada,7.5,52.0
2026-10-07 23:21:23.575355+00:00,401869949,BetRivers,7.0,51.5
2026-10-07 23:21:23.575355+00:00,401869965,DraftKings,-3.0,47.5
2026-10-07 23:21:23.575355+00:00,401869965,BetOnline.ag,-2.5,47.5
2026-10-07 23:21:23.575355+00:00,401869965,LowVig.ag,-2.5,47.5
2026-10-07 23:21:23.575355+00:00,401869965,FanDuel,-2.5,48.5
2026-10-07 23:21:23.575355+00:00,401869965,BetMGM,-3.0,47.5
2026-10-07 23:21:23.575355+00:00,401869965,MyBookie.ag,-3.0,47.0
2026-10-07 23:21:23.575355+00:00,401869965,Bovada,-3.0,47.5
2026-10-07 23:21:23.575355+00:00,401869965,BetUS,-3.0,47.5
2026-10-07 23:21:23.575355+00:00,401869965,BetRivers,-3.0,46.5
2026-10-07 23:21:23.575355+00:00,401858485,DraftKings,-1.5,54.5
2026-10-07 23:21:23.575355+00:00,401858485,MyBookie.ag,-1.5,54.5
2026-10-07 23:21:23.575355+00:00,401858485,BetRivers,-1.5,55.0
2026-10-07 23:21:23.575355+00:00,401858485,FanDuel,-1.5,54.5
2026-10-07 23:21:23.575355+00:00,401858485,LowVig.ag,-1.5,55.0
2026-10-07 23:21:23.575355+00:00,401858485,BetOnline.ag,-1.5,55.0
2026-10-07 23:21:23.575355+00:00,401858485,BetMGM,-1.5,54.5
2026-10-07 23:21:23.575355+00:00,401858485,Bovada,-1.5,55.0
2026-10-07 23:21:23.575355+00:00,401858485,BetUS,-1.5,54.5
2026-10-07 23:21:23.575355+00:00,401858258,FanDuel,-9.5,50.5
2026-10-07 23:21:23.575355+00:00,401858258,BetRivers,-9.5,50.0
2026-10-07 23:21:23.575355+00:00,401858258,BetMGM,-9.5,50.5
2026-10-07 23:21:23.575355+00:00,401858258,DraftKings,-9.5,50.5
2026-10-07 23:21:23.575355+00:00,401858258,LowVig.ag,-9.5,50.0
2026-10-07 23:21:23.575355+00:00,401858258,BetOnline.ag,-9.5,50.0
2026-10-07 23:21:23.575355+00:00,401858258,MyBookie.ag,-10.0,50.0
2026-10-07 23:21:23.575355+00:00,401858258,Bovada,-9.5,50.0
2026-10-07 23:21:23.575355+00:00,401858258,BetUS,-9.5,50.0
2026-10-07 23:21:23.575355+00:00,401858486,FanDuel,2.5,50.5
2026-10-07 23:21:23.575355+00:00,401858486,BetRivers,2.5,50.5
2026-10-07 23:21:23.575355+00:00,401858486,BetMGM,2.5,50.5
2026-10-07 23:21:23.575355+00:00,401858486,DraftKings,2.5,50.5
2026-10-07 23:21:23.575355+00:00,401858486,BetOnline.ag,2.0,50.0
2026-10-07 23:21:23.575355+00:00,401858486,LowVig.ag,2.0,50.0
2026-10-07 23:21:23.575355+00:00,401858486,MyBookie.ag,2.5,50.5
2026-10-07 23:21:23.575355+00:00,401858486,Bovada,2.5,51.0
2026-10-07 23:21:23.575355+00:00,401858486,BetUS,2.5,50.0
2026-10-07 23:21:23.575355+00:00,401856827,FanDuel,-15.5,50.5
2026-10-07 23:21:23.575355+00:00,401856827,BetRivers,-15.5,51.0
2026-10-07 23:21:23.575355+00:00,401856827,BetMGM,-15.0,50.5
2026-10-07 23:21:23.575355+00:00,401856827,DraftKings,-15.5,51.5
2026-10-07 23:21:23.575355+00:00,401856827,BetOnline.ag,-15.5,50.0
2026-10-07 23:21:23.575355+00:00,401856827,MyBookie.ag,-15.5,51.0
2026-10-07 23:21:23.575355+00:00,401856827,BetUS,-15.5,50.5
2026-10-07 23:21:23.575355+00:00,401856827,Bovada,-15.5,51.5
2026-10-07 23:21:23.575355+00:00,401856808,FanDuel,-20.5,49.5
2026-10-07 23:21:23.575355+00:00,401856808,BetRivers,-21.0,50.5
2026-10-07 23:21:23.575355+00:00,401856808,BetMGM,-20.5,49.5
2026-10-07 23:21:23.575355+00:00,401856808,LowVig.ag,-20.5,50.0
2026-10-07 23:21:23.575355+00:00,401856808,BetOnline.ag,-20.5,50.0
2026-10-07 23:21:23.575355+00:00,401856808,DraftKings,-20.5,50.5
2026-10-07 23:21:23.575355+00:00,401856808,MyBookie.ag,-20.5,50.0
2026-10-07 23:21:23.575355+00:00,401856808,BetUS,-20.5,50.0
2026-10-07 23:21:23.575355+00:00,401856808,Bovada,-21.0,50.5
2026-10-07 23:21:23.575355+00:00,401860901,FanDuel,6.5,48.5
2026-10-07 23:21:23.575355+00:00,401860901,BetRivers,6.0,48.5
2026-10-07 23:21:23.575355+00:00,401860901,BetMGM,6.5,48.5
2026-10-07 23:21:23.575355+00:00,401860901,LowVig.ag,6.5,48.5
2026-10-07 23:21:23.575355+00:00,401860901,BetOnline.ag,6.5,48.5
2026-10-07 23:21:23.575355+00:00,401860901,DraftKings,6.5,48.5
2026-10-07 23:21:23.575355+00:00,401860901,MyBookie.ag,6.5,48.5
2026-10-07 23:21:23.575355+00:00,401860901,BetUS,6.5,48.5
2026-10-07 23:21:23.575355+00:00,401860901,Bovada,6.5,48.0
2026-10-07 23:21:23.575355+00:00,401856724,FanDuel,-9.5,54.5
2026-10-07 23:21:23.575355+00:00,401856724,DraftKings,-9.5,53.5
2026-10-07 23:21:23.575355+00:00,401858488,FanDuel,3.5,50.5
2026-10-07 23:21:23.575355+00:00,401858488,DraftKings,2.5,48.5
2026-10-07 23:21:23.575355+00:00,401856830,DraftKings,-9.5,55.5
2026-10-07 23:21:23.575355+00:00,401856720,FanDuel,-10.5,59.5
2026-10-07 23:21:23.575355+00:00,401856720,DraftKings,-12.5,59.5
2026-10-07 23:21:23.575355+00:00,401858490,DraftKings,-5.5,43.5
2026-10-07 23:21:23.575355+00:00,401858492,DraftKings,-12.5,58.5
2026-10-07 23:21:23.575355+00:00,401858494,DraftKings,-3.0,49.5
2026-10-07 23:21:23.575355+00:00,401856723,DraftKings,4.5,56.5
2026-10-07 23:21:23.575355+00:00,401856723,FanDuel,5.5,54.5
2026-10-07 23:21:23.575355+00:00,401856719,DraftKings,-18.5,49.5
2026-10-07 23:21:23.575355+00:00,401856719,FanDuel,-17.5,51.5
2026-10-07 23:21:23.575355+00:00,401858266,DraftKings,-4.5,48.5
2026-10-07 23:21:23.575355+00:00,401856721,FanDuel,-7.5,58.5
2026-10-07 23:21:23.575355+00:00,401856721,DraftKings,-6.0,57.5
2026-10-07 23:21:23.575355+00:00,401858263,DraftKings,-19.5,55.5
2026-10-07 23:21:23.575355+00:00,401858263,FanDuel,-19.5,54.5
2026-10-07 23:21:23.575355+00:00,401856809,DraftKings,10.5,48.5
2026-10-07 23:21:23.575355+00:00,401856809,FanDuel,12.5,47.5
2026-10-07 23:21:23.575355+00:00,401856831,FanDuel,-2.5,57.5
2026-10-07 23:21:23.575355+00:00,401856831,DraftKings,-3.5,57.5
2026-10-07 23:21:23.575355+00:00,401856722,DraftKings,-6.5,41.5
2026-10-08 12:14:16.276930+00:00,401870766,FanDuel,-13.5,52.5
2026-10-08 12:14:16.276930+00:00,401870766,BetRivers,-13.5,52.5
2026-10-08 12:14:16.276930+00:00,401870766,DraftKings,-13.5,52.5
2026-10-08 12:14:16.276930+00:00,401870766,BetMGM,-14.0,53.5
2026-10-08 12:14:16.276930+00:00,401870766,BetOnline.ag,-13.5,52.5
2026-10-08 12:14:16.276930+00:00,401870766,LowVig.ag,-13.5,52.5
2026-10-08 12:14:16.276930+00:00,401870766,MyBookie.ag,-13.5,52.5
2026-10-08 12:14:16.276930+00:00,401870766,Bovada,-13.5,52.5
2026-10-08 12:14:16.276930+00:00,401870766,BetUS,-13.5,52.5
2026-10-08 12:14:16.276930+00:00,401871052,FanDuel,-1.5,56.5
2026-10-08 12:14:16.276930+00:00,401871052,BetRivers,-1.5,56.5
2026-10-08 12:14:16.276930+00:00,401871052,DraftKings,-1.5,56.5
2026-10-08 12:14:16.276930+00:00,401871052,BetOnline.ag,-1.0,56.5
2026-10-08 12:14:16.276930+00:00,401871052,LowVig.ag,-1.0,56.5
2026-10-08 12:14:16.276930+00:00,401871052,MyBookie.ag,-1.5,56.5
2026-10-08 12:14:16.276930+00:00,401871052,Bovada,-1.5,56.5
2026-10-08 12:14:16.276930+00:00,401871052,BetUS,-1.5,56.5
2026-10-08 12:14:16.276930+00:00,401871052,BetMGM,-1.0,56.5
2026-10-08 12:14:16.276930+00:00,401869933,FanDuel,-2.5,59.5
2026-10-08 12:14:16.276930+00:00,401869933,BetRivers,-2.5,60.5
2026-10-08 12:14:16.276930+00:00,401869933,DraftKings,-3.0,60.5
2026-10-08 12:14:16.276930+00:00,401869933,LowVig.ag,-3.0,60.5
2026-10-08 12:14:16.276930+00:00,401869933,BetOnline.ag,-3.0,60.5
2026-10-08 12:14:16.276930+00:00,401869933,BetMGM,-3.0,60.5
2026-10-08 12:14:16.276930+00:00,401869933,MyBookie.ag,-3.0,60.0
2026-10-08 12:14:16.276930+00:00,401869933,Bovada,-2.5,60.5
2026-10-08 12:14:16.276930+00:00,401869933,BetUS,-3.0,60.5
2026-10-08 12:14:16.276930+00:00,401862794,FanDuel,-6.5,50.5
2026-10-08 12:14:16.276930+00:00,401862794,BetRivers,-7.0,49.5
2026-10-08 12:14:16.276930+00:00,401862794,BetMGM,-7.0,50.5
2026-10-08 12:14:16.276930+00:00,401862794,DraftKings,-7.0,49.5
2026-10-08 12:14:16.276930+00:00,401862794,LowVig.ag,-7.0,50.0
2026-10-08 12:14:16.276930+00:00,401862794,BetOnline.ag,-7.0,50.0
2026-10-08 12:14:16.276930+00:00,401862794,MyBookie.ag,-7.0,50.0
2026-10-08 12:14:16.276930+00:00,401862794,Bovada,-6.5,50.0
2026-10-08 12:14:16.276930+00:00,401862794,BetUS,-7.0,50.0
2026-10-08 12:14:16.276930+00:00,401858254,DraftKings,-3.5,59.5
2026-10-08 12:14:16.276930+00:00,401858254,FanDuel,-3.5,59.5
2026-10-08 12:14:16.276930+00:00,401858254,BetRivers,-3.5,59.0
2026-10-08 12:14:16.276930+00:00,401858254,BetMGM,-3.5,59.5
2026-10-08 12:14:16.276930+00:00,401858254,BetOnline.ag,-3.5,59.0
2026-10-08 12:14:16.276930+00:00,401858254,LowVig.ag,-3.5,59.0
2026-10-08 12:14:16.276930+00:00,401858254,MyBookie.ag,-3.5,59.0
2026-10-08 12:14:16.276930+00:00,401858254,Bovada,-3.5,59.0
2026-10-08 12:14:16.276930+00:00,401858254,BetUS,-3.5,59.0
2026-10-08 12:14:16.276930+00:00,401858487,DraftKings,-3.0,41.5
2026-10-08 12:14:16.276930+00:00,401858487,BetRivers,-3.5,41.5
2026-10-08 12:14:16.276930+00:00,401858487,MyBookie.ag,-3.0,41.5
2026-10-08 12:14:16.276930+00:00,401858487,FanDuel,-3.5,41.5
2026-10-08 12:14:16.276930+00:00,401858487,BetMGM,-3.5,40.5
2026-10-08 12:14:16.276930+00:00,401858487,LowVig.ag,-3.0,41.0
2026-10-08 12:14:16.276930+00:00,401858487,BetOnline.ag,-3.5,41.0
2026-10-08 12:14:16.276930+00:00,401858487,Bovada,-3.0,42.0
2026-10-08 12:14:16.276930+00:00,401858487,BetUS,-3.0,41.0
2026-10-08 12:14:16.276930+00:00,401864519,FanDuel,-5.5,42.5
2026-10-08 12:14:16.276930+00:00,401864519,DraftKings,-6.0,42.5
2026-10-08 12:14:16.276930+00:00,401864519,BetRivers,-6.5,42.5
2026-10-08 12:14:16.276930+00:00,401864519,LowVig.ag,-6.5,42.5
2026-10-08 12:14:16.276930+00:00,401864519,BetOnline.ag,-6.5,42.5
2026-10-08 12:14:16.276930+00:00,401864519,BetMGM,-6.0,43.5
2026-10-08 12:14:16.276930+00:00,401864519,MyBookie.ag,-6.0,42.5
2026-10-08 12:14:16.276930+00:00,401864519,Bovada,-6.0,42.5
2026-10-08 12:14:16.276930+00:00,401864519,BetUS,-6.0,42.5
2026-10-08 12:14:16.276930+00:00,401860922,FanDuel,-5.5,43.5
2026-10-08 12:14:16.276930+00:00,401860922,BetRivers,-5.5,43.5
2026-10-08 12:14:16.276930+00:00,401860922,BetMGM,-5.5,43.5
2026-10-08 12:14:16.276930+00:00,401860922,DraftKings,-5.5,44.5
2026-10-08 12:14:16.276930+00:00,401860922,BetOnline.ag,-5.5,44.0
2026-10-08 12:14:16.276930+00:00,401860922,LowVig.ag,-5.5,44.0
2026-10-08 12:14:16.276930+00:00,401860922,MyBookie.ag,-5.5,44.0
2026-10-08 12:14:16.276930+00:00,401860922,Bovada,-5.5,44.0
2026-10-08 12:14:16.276930+00:00,401860922,BetUS,-5.5,44.0
2026-10-08 12:14:16.276930+00:00,401856826,DraftKings,-10.0,46.5
2026-10-08 12:14:16.276930+00:00,401856826,BetRivers,-10.5,46.5
2026-10-08 12:14:16.276930+00:00,401856826,MyBookie.ag,-10.0,46.0
2026-10-08 12:14:16.276930+00:00,401856826,FanDuel,-9.5,46.5
2026-10-08 12:14:16.276930+00:00,401856826,BetMGM,-10.0,45.5
2026-10-08 12:14:16.276930+00:00,401856826,LowVig.ag,-10.0,46.5
2026-10-08 12:14:16.276930+00:00,401856826,BetOnline.ag,-10.0,46.5
2026-10-08 12:14:16.276930+00:00,401856826,Bovada,-10.0,46.0
2026-10-08 12:14:16.276930+00:00,401856826,BetUS,-10.0,46.0
2026-10-08 12:14:16.276930+00:00,401856823,FanDuel,3.5,62.5
2026-10-08 12:14:16.276930+00:00,401856823,BetRivers,3.0,61.0
2026-10-08 12:14:16.276930+00:00,401856823,BetMGM,3.0,61.5
2026-10-08 12:14:16.276930+00:00,401856823,DraftKings,3.0,61.5
2026-10-08 12:14:16.276930+00:00,401856823,LowVig.ag,3.0,61.5
2026-10-08 12:14:16.276930+00:00,401856823,BetOnline.ag,3.0,61.5
2026-10-08 12:14:16.276930+00:00,401856823,MyBookie.ag,3.0,61.5
2026-10-08 12:14:16.276930+00:00,401856823,Bovada,3.0,61.0
2026-10-08 12:14:16.276930+00:00,401856823,BetUS,3.5,61.5
2026-10-08 12:14:16.276930+00:00,401862795,DraftKings,-3.0,48.5
2026-10-08 12:14:16.276930+00:00,401862795,BetOnline.ag,-3.0,48.0
2026-10-08 12:14:16.276930+00:00,401862795,LowVig.ag,-3.0,48.0
2026-10-08 12:14:16.276930+00:00,401862795,FanDuel,-3.5,47.5
2026-10-08 12:14:16.276930+00:00,401862795,BetRivers,-3.5,47.5
2026-10-08 12:14:16.276930+00:00,401862795,BetMGM,-3.0,48.5
2026-10-08 12:14:16.276930+00:00,401862795,MyBookie.ag,-3.5,48.0
2026-10-08 12:14:16.276930+00:00,401862795,Bovada,-3.0,48.5
2026-10-08 12:14:16.276930+00:00,401862795,BetUS,-3.0,48.0
2026-10-08 12:14:16.276930+00:00,401866436,DraftKings,-7.5,43.5
2026-10-08 12:14:16.276930+00:00,401866436,FanDuel,-7.5,44.5
2026-10-08 12:14:16.276930+00:00,401866436,BetRivers,-7.5,44.5
2026-10-08 12:14:16.276930+00:00,401866436,LowVig.ag,-7.0,44.0
2026-10-08 12:14:16.276930+00:00,401866436,BetOnline.ag,-7.0,44.0
2026-10-08 12:14:16.276930+00:00,401866436,BetMGM,-7.5,43.5
2026-10-08 12:14:16.276930+00:00,401866436,MyBookie.ag,-7.5,44.0
2026-10-08 12:14:16.276930+00:00,401866436,Bovada,-7.5,43.5
2026-10-08 12:14:16.276930+00:00,401866436,BetUS,-8.5,44.0
2026-10-08 12:14:16.276930+00:00,401858481,FanDuel,7.5,48.5
2026-10-08 12:14:16.276930+00:00,401858481,DraftKings,7.5,48.5
2026-10-08 12:14:16.276930+00:00,401858481,BetRivers,7.5,48.5
2026-10-08 12:14:16.276930+00:00,401858481,MyBookie.ag,7.5,48.5
2026-10-08 12:14:16.276930+00:00,401858481,BetMGM,7.5,48.5
2026-10-08 12:14:16.276930+00:00,401858481,LowVig.ag,7.0,48.5
2026-10-08 12:14:16.276930+00:00,401858481,BetOnline.ag,7.0,48.5
2026-10-08 12:14:16.276930+00:00,401858481,Bovada,7.5,48.0
2026-10-08 12:14:16.276930+00:00,401858481,BetUS,7.5,48.5
2026-10-08 12:14:16.276930+00:00,401856716,DraftKings,-3.5,48.5
2026-10-08 12:14:16.276930+00:00,401856716,BetRivers,-3.0,48.5
2026-10-08 12:14:16.276930+00:00,401856716,MyBookie.ag,-3.5,48.0
2026-10-08 12:14:16.276930+00:00,401856716,FanDuel,-3.5,48.5
2026-10-08 12:14:16.276930+00:00,401856716,BetMGM,-3.5,48.5
2026-10-08 12:14:16.276930+00:00,401856716,BetOnline.ag,-3.5,48.0
2026-10-08 12:14:16.276930+00:00,401856716,LowVig.ag,-3.5,48.0
2026-10-08 12:14:16.276930+00:00,401856716,BetUS,-3.5,48.5
2026-10-08 12:14:16.276930+00:00,401856716,Bovada,-3.5,48.5
2026-10-08 12:14:16.276930+00:00,401858260,FanDuel,3.5,59.5
2026-10-08 12:14:16.276930+00:00,401858260,BetRivers,3.5,59.5
2026-10-08 12:14:16.276930+00:00,401858260,BetMGM,3.5,59.5
2026-10-08 12:14:16.276930+00:00,401858260,DraftKings,3.5,59.5
2026-10-08 12:14:16.276930+00:00,401858260,LowVig.ag,3.5,60.0
2026-10-08 12:14:16.276930+00:00,401858260,BetOnline.ag,3.5,60.0
2026-10-08 12:14:16.276930+00:00,401858260,MyBookie.ag,3.5,59.5
2026-10-08 12:14:16.276930+00:00,401858260,Bovada,3.5,59.5
2026-10-08 12:14:16.276930+00:00,401858260,BetUS,3.5,60.0
2026-10-08 12:14:16.276930+00:00,401858256,FanDuel,-3.5,47.5
2026-10-08 12:14:16.276930+00:00,401858256,BetRivers,-4.0,47.0
2026-10-08 12:14:16.276930+00:00,401858256,BetMGM,-4.0,46.5
2026-10-08 12:14:16.276930+00:00,401858256,BetOnline.ag,-4.0,47.0
2026-10-08 12:14:16.276930+00:00,401858256,LowVig.ag,-3.5,47.0
2026-10-08 12:14:16.276930+00:00,401858256,DraftKings,-4.0,47.5
2026-10-08 12:14:16.276930+00:00,401858256,MyBookie.ag,-4.0,47.0
2026-10-08 12:14:16.276930+00:00,401858256,Bovada,-4.0,47.0
2026-10-08 12:14:16.276930+00:00,401858256,BetUS,-4.0,47.0
2026-10-08 12:14:16.276930+00:00,401856824,FanDuel,-10.5,53.5
2026-10-08 12:14:16.276930+00:00,401856824,BetRivers,-10.5,53.5
2026-10-08 12:14:16.276930+00:00,401856824,BetMGM,-11.5,53.5
2026-10-08 12:14:16.276930+00:00,401856824,DraftKings,-10.5,53.5
2026-10-08 12:14:16.276930+00:00,401856824,LowVig.ag,-10.5,53.0
2026-10-08 12:14:16.276930+00:00,401856824,BetOnline.ag,-10.5,53.0
2026-10-08 12:14:16.276930+00:00,401856824,MyBookie.ag,-11.5,53.0
2026-10-08 12:14:16.276930+00:00,401856824,Bovada,-11.0,53.5
2026-10-08 12:14:16.276930+00:00,401856824,BetUS,-11.0,53.5
2026-10-08 12:14:16.276930+00:00,401858482,FanDuel,-36.5,52.5
2026-10-08 12:14:16.276930+00:00,401858482,BetRivers,-37.5,53.5
2026-10-08 12:14:16.276930+00:00,401858482,BetMGM,-38.0,53.5
2026-10-08 12:14:16.276930+00:00,401858482,DraftKings,-37.5,52.5
2026-10-08 12:14:16.276930+00:00,401858482,BetOnline.ag,-37.0,52.5
2026-10-08 12:14:16.276930+00:00,401858482,LowVig.ag,-37.0,52.5
2026-10-08 12:14:16.276930+00:00,401858482,BetUS,-37.0,52.5
2026-10-08 12:14:16.276930+00:00,401858482,Bovada,-37.0,52.5
2026-10-08 12:14:16.276930+00:00,401856714,DraftKings,-11.5,59.5
2026-10-08 12:14:16.276930+00:00,401856714,BetRivers,-12.5,60.0
2026-10-08 12:14:16.276930+00:00,401856714,MyBookie.ag,-11.5,60.0
2026-10-08 12:14:16.276930+00:00,401856714,FanDuel,-12.5,60.5
2026-10-08 12:14:16.276930+00:00,401856714,BetMGM,-11.5,59.5
2026-10-08 12:14:16.276930+00:00,401856714,LowVig.ag,-11.5,60.0
2026-10-08 12:14:16.276930+00:00,401856714,BetOnline.ag,-11.5,60.0
2026-10-08 12:14:16.276930+00:00,401856714,Bovada,-11.0,59.0
2026-10-08 12:14:16.276930+00:00,401856714,BetUS,-11.5,60.0
2026-10-08 12:14:16.276930+00:00,401869843,DraftKings,-9.5,48.5
2026-10-08 12:14:16.276930+00:00,401869843,FanDuel,-9.5,48.5
2026-10-08 12:14:16.276930+00:00,401869843,LowVig.ag,-9.5,48.5
2026-10-08 12:14:16.276930+00:00,401869843,BetOnline.ag,-9.5,48.5
2026-10-08 12:14:16.276930+00:00,401869843,BetRivers,-9.5,49.5
2026-10-08 12:14:16.276930+00:00,401869843,BetMGM,-10.0,48.5
2026-10-08 12:14:16.276930+00:00,401869843,MyBookie.ag,-9.5,48.5
2026-10-08 12:14:16.276930+00:00,401869843,Bovada,-9.0,48.5
2026-10-08 12:14:16.276930+00:00,401869843,BetUS,-10.0,48.5
2026-10-08 12:14:16.276930+00:00,401866435,DraftKings,7.0,51.5
2026-10-08 12:14:16.276930+00:00,401866435,FanDuel,6.5,52.5
2026-10-08 12:14:16.276930+00:00,401866435,LowVig.ag,7.0,52.0
2026-10-08 12:14:16.276930+00:00,401866435,BetOnline.ag,7.0,52.0
2026-10-08 12:14:16.276930+00:00,401866435,BetRivers,7.0,51.5
2026-10-08 12:14:16.276930+00:00,401866435,BetMGM,7.0,52.5
2026-10-08 12:14:16.276930+00:00,401866435,MyBookie.ag,7.0,52.0
2026-10-08 12:14:16.276930+00:00,401866435,Bovada,6.5,51.5
2026-10-08 12:14:16.276930+00:00,401866435,BetUS,7.0,52.0
2026-10-08 12:14:16.276930+00:00,401866437,DraftKings,-21.0,54.5
2026-10-08 12:14:16.276930+00:00,401866437,FanDuel,-20.5,54.5
2026-10-08 12:14:16.276930+00:00,401866437,LowVig.ag,-20.5,54.5
2026-10-08 12:14:16.276930+00:00,401866437,BetOnline.ag,-20.5,54.5
2026-10-08 12:14:16.276930+00:00,401866437,BetRivers,-21.0,54.5
2026-10-08 12:14:16.276930+00:00,401866437,BetMGM,-21.5,54.5
2026-10-08 12:14:16.276930+00:00,401866437,MyBookie.ag,-21.0,55.0
2026-10-08 12:14:16.276930+00:00,401866437,Bovada,-21.0,55.0
2026-10-08 12:14:16.276930+00:00,401866437,BetUS,-21.0,55.0
2026-10-08 12:14:16.276930+00:00,401858259,FanDuel,9.5,53.5
2026-10-08 12:14:16.276930+00:00,401858259,BetRivers,10.0,54.0
2026-10-08 12:14:16.276930+00:00,401858259,BetMGM,10.0,53.5
2026-10-08 12:14:16.276930+00:00,401858259,DraftKings,10.0,53.5
2026-10-08 12:14:16.276930+00:00,401858259,LowVig.ag,9.5,53.0
2026-10-08 12:14:16.276930+00:00,401858259,BetOnline.ag,9.5,53.0
2026-10-08 12:14:16.276930+00:00,401858259,MyBookie.ag,10.0,53.0
2026-10-08 12:14:16.276930+00:00,401858259,BetUS,9.5,53.0
2026-10-08 12:14:16.276930+00:00,401858259,Bovada,10.0,53.5
2026-10-08 12:14:16.276930+00:00,401866438,DraftKings,-3.0,46.5
2026-10-08 12:14:16.276930+00:00,401866438,FanDuel,-2.5,46.5
2026-10-08 12:14:16.276930+00:00,401866438,LowVig.ag,-3.0,46.0
2026-10-08 12:14:16.276930+00:00,401866438,BetOnline.ag,-3.0,46.0
2026-10-08 12:14:16.276930+00:00,401866438,BetRivers,-3.0,46.5
2026-10-08 12:14:16.276930+00:00,401866438,BetMGM,-2.5,45.5
2026-10-08 12:14:16.276930+00:00,401866438,MyBookie.ag,-3.0,46.0
2026-10-08 12:14:16.276930+00:00,401866438,Bovada,-3.0,46.0
2026-10-08 12:14:16.276930+00:00,401866438,BetUS,-3.0,46.0
2026-10-08 12:14:16.276930+00:00,401862796,DraftKings,-28.5,57.5
2026-10-08 12:14:16.276930+00:00,401862796,FanDuel,-28.5,57.5
2026-10-08 12:14:16.276930+00:00,401862796,BetOnline.ag,-28.5,57.5
2026-10-08 12:14:16.276930+00:00,401862796,LowVig.ag,-28.5,57.5
2026-10-08 12:14:16.276930+00:00,401862796,BetRivers,-28.5,57.5
2026-10-08 12:14:16.276930+00:00,401862796,BetMGM,-29.0,57.5
2026-10-08 12:14:16.276930+00:00,401862796,MyBookie.ag,-28.5,58.0
2026-10-08 12:14:16.276930+00:00,401862796,BetUS,-28.5,58.0
2026-10-08 12:14:16.276930+00:00,401862796,Bovada,-28.0,58.0
2026-10-08 12:14:16.276930+00:00,401858255,FanDuel,6.5,44.5
2026-10-08 12:14:16.276930+00:00,401858255,BetRivers,6.5,44.0
2026-10-08 12:14:16.276930+00:00,401858255,BetMGM,6.5,43.5
2026-10-08 12:14:16.276930+00:00,401858255,DraftKings,6.5,43.5
2026-10-08 12:14:16.276930+00:00,401858255,BetOnline.ag,6.5,43.5
2026-10-08 12:14:16.276930+00:00,401858255,LowVig.ag,6.5,43.5
2026-10-08 12:14:16.276930+00:00,401858255,MyBookie.ag,7.0,44.0
2026-10-08 12:14:16.276930+00:00,401858255,Bovada,6.5,43.5
2026-10-08 12:14:16.276930+00:00,401858255,BetUS,7.0,44.0
2026-10-08 12:14:16.276930+00:00,401856825,FanDuel,-2.5,55.5
2026-10-08 12:14:16.276930+00:00,401856825,BetRivers,-2.5,55.0
2026-10-08 12:14:16.276930+00:00,401856825,BetMGM,-2.5,55.5
2026-10-08 12:14:16.276930+00:00,401856825,DraftKings,-2.5,55.5
2026-10-08 12:14:16.276930+00:00,401856825,LowVig.ag,-2.5,55.0
2026-10-08 12:14:16.276930+00:00,401856825,BetOnline.ag,-2.5,55.0
2026-10-08 12:14:16.276930+00:00,401856825,MyBookie.ag,-2.5,55.5
2026-10-08 12:14:16.276930+00:00,401856825,BetUS,-2.5,55.5
2026-10-08 12:14:16.276930+00:00,401856825,Bovada,-2.5,55.0
2026-10-08 12:14:16.276930+00:00,401858480,FanDuel,2.5,48.5
2026-10-08 12:14:16.276930+00:00,401858480,BetRivers,2.5,47.5
2026-10-08 12:14:16.276930+00:00,401858480,BetMGM,2.5,47.5
2026-10-08 12:14:16.276930+00:00,401858480,DraftKings,2.5,47.5
2026-10-08 12:14:16.276930+00:00,401858480,BetOnline.ag,2.5,48.0
2026-10-08 12:14:16.276930+00:00,401858480,LowVig.ag,2.5,48.0
2026-10-08 12:14:16.276930+00:00,401858480,MyBookie.ag,2.5,48.0
2026-10-08 12:14:16.276930+00:00,401858480,Bovada,2.5,48.0
2026-10-08 12:14:16.276930+00:00,401858480,BetUS,2.5,48.0
2026-10-08 12:14:16.276930+00:00,401866439,DraftKings,-13.5,43.5
2026-10-08 12:14:16.276930+00:00,401866439,LowVig.ag,-13.5,43.5
2026-10-08 12:14:16.276930+00:00,401866439,BetOnline.ag,-13.5,43.5
2026-10-08 12:14:16.276930+00:00,401866439,FanDuel,-13.5,43.5
2026-10-08 12:14:16.276930+00:00,401866439,BetMGM,-13.5,42.5
2026-10-08 12:14:16.276930+00:00,401866439,MyBookie.ag,-14.0,43.5
2026-10-08 12:14:16.276930+00:00,401866439,Bovada,-13.5,43.5
2026-10-08 12:14:16.276930+00:00,401866439,BetUS,-13.5,43.5
2026-10-08 12:14:16.276930+00:00,401866439,BetRivers,-14.0,43.5
2026-10-08 12:14:16.276930+00:00,401862799,FanDuel,-2.5,48.5
2026-10-08 12:14:16.276930+00:00,401862799,BetRivers,-2.5,48.5
2026-10-08 12:14:16.276930+00:00,401862799,BetMGM,-2.5,48.5
2026-10-08 12:14:16.276930+00:00,401862799,DraftKings,-2.5,48.5
2026-10-08 12:14:16.276930+00:00,401862799,LowVig.ag,-2.5,48.5
2026-10-08 12:14:16.276930+00:00,401862799,BetOnline.ag,-2.5,48.5
2026-10-08 12:14:16.276930+00:00,401862799,MyBookie.ag,-2.5,48.5
2026-10-08 12:14:16.276930+00:00,401862799,BetUS,-2.5,48.5
2026-10-08 12:14:16.276930+00:00,401862799,Bovada,-2.5,49.0
2026-10-08 12:14:16.276930+00:00,401858257,DraftKings,-38.5,54.5
2026-10-08 12:14:16.276930+00:00,401858257,FanDuel,-37.5,54.5
2026-10-08 12:14:16.276930+00:00,401858257,BetRivers,-38.5,54.5
2026-10-08 12:14:16.276930+00:00,401858257,BetMGM,-38.5,54.5
2026-10-08 12:14:16.276930+00:00,401858257,BetOnline.ag,-38.5,54.0
2026-10-08 12:14:16.276930+00:00,401858257,LowVig.ag,-38.5,54.0
2026-10-08 12:14:16.276930+00:00,401858257,BetUS,-38.5,54.0
2026-10-08 12:14:16.276930+00:00,401858257,Bovada,-38.0,54.5
2026-10-08 12:14:16.276930+00:00,401856717,FanDuel,7.5,38.5
2026-10-08 12:14:16.276930+00:00,401856717,BetMGM,7.5,38.5
2026-10-08 12:14:16.276930+00:00,401856717,DraftKings,7.5,39.5
2026-10-08 12:14:16.276930+00:00,401856717,BetRivers,7.5,39.0
2026-10-08 12:14:16.276930+00:00,401856717,MyBookie.ag,7.5,39.5
2026-10-08 12:14:16.276930+00:00,401856717,BetOnline.ag,7.5,39.5
2026-10-08 12:14:16.276930+00:00,401856717,LowVig.ag,7.5,39.5
2026-10-08 12:14:16.276930+00:00,401856717,BetUS,7.5,39.5
2026-10-08 12:14:16.276930+00:00,401856717,Bovada,7.5,39.0
2026-10-08 12:14:16.276930+00:00,401856718,FanDuel,10.5,55.5
2026-10-08 12:14:16.276930+00:00,401856718,DraftKings,9.5,55.5
2026-10-08 12:14:16.276930+00:00,401856718,BetRivers,10.0,55.5
2026-10-08 12:14:16.276930+00:00,401856718,BetOnline.ag,9.5,56.0
2026-10-08 12:14:16.276930+00:00,401856718,BetMGM,9.5,56.5
2026-10-08 12:14:16.276930+00:00,401856718,MyBookie.ag,9.5,55.5
2026-10-08 12:14:16.276930+00:00,401856718,Bovada,9.0,55.0
2026-10-08 12:14:16.276930+00:00,401858484,FanDuel,-11.5,58.5
2026-10-08 12:14:16.276930+00:00,401858484,DraftKings,-11.5,58.5
2026-10-08 12:14:16.276930+00:00,401858484,BetRivers,-12.0,59.0
2026-10-08 12:14:16.276930+00:00,401858484,MyBookie.ag,-11.5,58.5
2026-10-08 12:14:16.276930+00:00,401858484,BetMGM,-12.5,59.5
2026-10-08 12:14:16.276930+00:00,401858484,BetOnline.ag,-11.0,58.5
2026-10-08 12:14:16.276930+00:00,401858484,LowVig.ag,-11.0,58.5
2026-10-08 12:14:16.276930+00:00,401858484,BetUS,-11.5,58.5
2026-10-08 12:14:16.276930+00:00,401858484,Bovada,-11.5,59.0
2026-10-08 12:14:16.276930+00:00,401861964,FanDuel,-3.5,54.5
2026-10-08 12:14:16.276930+00:00,401861964,LowVig.ag,-4.0,55.0
2026-10-08 12:14:16.276930+00:00,401861964,BetOnline.ag,-3.5,55.0
2026-10-08 12:14:16.276930+00:00,401861964,DraftKings,-3.5,54.5
2026-10-08 12:14:16.276930+00:00,401861964,BetMGM,-3.5,55.5
2026-10-08 12:14:16.276930+00:00,401861964,MyBookie.ag,-3.5,55.0
2026-10-08 12:14:16.276930+00:00,401861964,Bovada,-3.5,54.5
2026-10-08 12:14:16.276930+00:00,401861964,BetUS,-3.5,54.5
2026-10-08 12:14:16.276930+00:00,401861964,BetRivers,-4.5,53.5
2026-10-08 12:14:16.276930+00:00,401862797,DraftKings,-10.0,47.5
2026-10-08 12:14:16.276930+00:00,401862797,LowVig.ag,-10.0,47.0
2026-10-08 12:14:16.276930+00:00,401862797,BetOnline.ag,-10.0,47.0
2026-10-08 12:14:16.276930+00:00,401862797,FanDuel,-9.5,47.5
2026-10-08 12:14:16.276930+00:00,401862797,BetMGM,-9.5,47.5
2026-10-08 12:14:16.276930+00:00,401862797,MyBookie.ag,-10.0,47.0
2026-10-08 12:14:16.276930+00:00,401862797,Bovada,-10.0,47.5
2026-10-08 12:14:16.276930+00:00,401862797,BetUS,-10.0,47.0
2026-10-08 12:14:16.276930+00:00,401862797,BetRivers,-10.5,47.5
2026-10-08 12:14:16.276930+00:00,401856713,FanDuel,13.5,51.5
2026-10-08 12:14:16.276930+00:00,401856713,BetRivers,13.5,51.0
2026-10-08 12:14:16.276930+00:00,401856713,BetMGM,13.5,51.5
2026-10-08 12:14:16.276930+00:00,401856713,DraftKings,13.5,51.5
2026-10-08 12:14:16.276930+00:00,401856713,LowVig.ag,13.5,51.0
2026-10-08 12:14:16.276930+00:00,401856713,BetOnline.ag,13.5,51.0
2026-10-08 12:14:16.276930+00:00,401856713,MyBookie.ag,13.5,51.0
2026-10-08 12:14:16.276930+00:00,401856713,BetUS,13.5,51.0
2026-10-08 12:14:16.276930+00:00,401856713,Bovada,13.5,51.5
2026-10-08 12:14:16.276930+00:00,401858483,DraftKings,-34.5,56.5
2026-10-08 12:14:16.276930+00:00,401858483,FanDuel,-34.5,57.5
2026-10-08 12:14:16.276930+00:00,401858483,BetRivers,-34.5,56.5
2026-10-08 12:14:16.276930+00:00,401858483,BetMGM,-34.5,56.5
2026-10-08 12:14:16.276930+00:00,401858483,LowVig.ag,-34.0,56.5
2026-10-08 12:14:16.276930+00:00,401858483,BetOnline.ag,-34.0,56.5
2026-10-08 12:14:16.276930+00:00,401858483,Bovada,-34.5,56.0
2026-10-08 12:14:16.276930+00:00,401858483,BetUS,-34.0,56.5
2026-10-08 12:14:16.276930+00:00,401860902,FanDuel,-14.5,53.5
2026-10-08 12:14:16.276930+00:00,401860902,BetRivers,-15.0,53.5
2026-10-08 12:14:16.276930+00:00,401860902,BetMGM,-16.5,53.5
2026-10-08 12:14:16.276930+00:00,401860902,LowVig.ag,-14.5,53.5
2026-10-08 12:14:16.276930+00:00,401860902,BetOnline.ag,-14.5,53.5
2026-10-08 12:14:16.276930+00:00,401860902,DraftKings,-15.5,53.5
2026-10-08 12:14:16.276930+00:00,401860902,MyBookie.ag,-15.5,53.5
2026-10-08 12:14:16.276930+00:00,401860902,BetUS,-15.0,53.5
2026-10-08 12:14:16.276930+00:00,401860902,Bovada,-15.5,53.5
2026-10-08 12:14:16.276930+00:00,401869943,DraftKings,-3.5,58.5
2026-10-08 12:14:16.276930+00:00,401869943,FanDuel,-3.5,58.5
2026-10-08 12:14:16.276930+00:00,401869943,LowVig.ag,-3.5,57.0
2026-10-08 12:14:16.276930+00:00,401869943,BetOnline.ag,-3.5,57.0
2026-10-08 12:14:16.276930+00:00,401869943,BetRivers,-3.5,59.5
2026-10-08 12:14:16.276930+00:00,401869943,BetMGM,-3.5,59.5
2026-10-08 12:14:16.276930+00:00,401869943,MyBookie.ag,-3.5,58.5
2026-10-08 12:14:16.276930+00:00,401869943,BetUS,-3.5,58.5
2026-10-08 12:14:16.276930+00:00,401869943,Bovada,-3.5,59.0
2026-10-08 12:14:16.276930+00:00,401856715,DraftKings,8.5,51.5
2026-10-08 12:14:16.276930+00:00,401856715,BetRivers,9.0,52.0
2026-10-08 12:14:16.276930+00:00,401856715,MyBookie.ag,8.5,52.0
2026-10-08 12:14:16.276930+00:00,401856715,FanDuel,8.5,51.5
2026-10-08 12:14:16.276930+00:00,401856715,BetOnline.ag,8.0,51.5
2026-10-08 12:14:16.276930+00:00,401856715,LowVig.ag,8.0,51.5
2026-10-08 12:14:16.276930+00:00,401856715,BetMGM,9.0,52.5
2026-10-08 12:14:16.276930+00:00,401856715,Bovada,8.5,52.0
2026-10-08 12:14:16.276930+00:00,401856715,BetUS,8.5,52.0
2026-10-08 12:14:16.276930+00:00,401862798,DraftKings,-14.0,52.5
2026-10-08 12:14:16.276930+00:00,401862798,FanDuel,-14.5,52.5
2026-10-08 12:14:16.276930+00:00,401862798,BetRivers,-13.5,51.5
2026-10-08 12:14:16.276930+00:00,401862798,LowVig.ag,-14.0,52.5
2026-10-08 12:14:16.276930+00:00,401862798,BetOnline.ag,-14.0,52.5
2026-10-08 12:14:16.276930+00:00,401862798,BetMGM,-14.5,53.5
2026-10-08 12:14:16.276930+00:00,401862798,MyBookie.ag,-14.0,52.5
2026-10-08 12:14:16.276930+00:00,401862798,BetUS,-14.0,52.5
2026-10-08 12:14:16.276930+00:00,401862798,Bovada,-13.5,52.5
2026-10-08 12:14:16.276930+00:00,401864517,DraftKings,9.5,49.5
2026-10-08 12:14:16.276930+00:00,401864517,LowVig.ag,10.0,49.5
2026-10-08 12:14:16.276930+00:00,401864517,BetOnline.ag,10.0,49.5
2026-10-08 12:14:16.276930+00:00,401864517,FanDuel,8.5,49.5
2026-10-08 12:14:16.276930+00:00,401864517,BetMGM,9.0,49.5
2026-10-08 12:14:16.276930+00:00,401864517,MyBookie.ag,10.0,49.0
2026-10-08 12:14:16.276930+00:00,401864517,BetUS,10.0,49.0
2026-10-08 12:14:16.276930+00:00,401864517,Bovada,10.0,49.5
2026-10-08 12:14:16.276930+00:00,401864517,BetRivers,9.5,49.5
2026-10-08 12:14:16.276930+00:00,401864518,FanDuel,3.5,48.5
2026-10-08 12:14:16.276930+00:00,401864518,LowVig.ag,3.0,48.0
2026-10-08 12:14:16.276930+00:00,401864518,BetOnline.ag,3.0,48.0
2026-10-08 12:14:16.276930+00:00,401864518,DraftKings,3.0,47.5
2026-10-08 12:14:16.276930+00:00,401864518,BetMGM,3.5,47.5
2026-10-08 12:14:16.276930+00:00,401864518,MyBookie.ag,3.5,48.0
2026-10-08 12:14:16.276930+00:00,401864518,BetUS,3.0,48.0
2026-10-08 12:14:16.276930+00:00,401864518,Bovada,3.0,48.0
2026-10-08 12:14:16.276930+00:00,401864518,BetRivers,3.5,47.5
2026-10-08 12:14:16.276930+00:00,401864516,FanDuel,7.5,46.5
2026-10-08 12:14:16.276930+00:00,401864516,LowVig.ag,7.5,46.0
2026-10-08 12:14:16.276930+00:00,401864516,DraftKings,7.5,46.5
2026-10-08 12:14:16.276930+00:00,401864516,BetOnline.ag,7.5,46.0
2026-10-08 12:14:16.276930+00:00,401864516,BetMGM,7.5,46.5
2026-10-08 12:14:16.276930+00:00,401864516,MyBookie.ag,7.5,46.5
2026-10-08 12:14:16.276930+00:00,401864516,BetUS,7.5,46.0
2026-10-08 12:14:16.276930+00:00,401864516,Bovada,7.5,47.0
2026-10-08 12:14:16.276930+00:00,401864516,BetRivers,7.5,47.5
2026-10-08 12:14:16.276930+00:00,401856712,FanDuel,-1.5,51.5
2026-10-08 12:14:16.276930+00:00,401856712,BetMGM,-1.5,51.5
2026-10-08 12:14:16.276930+00:00,401856712,DraftKings,-1.5,51.5
2026-10-08 12:14:16.276930+00:00,401856712,BetRivers,-1.5,51.5
2026-10-08 12:14:16.276930+00:00,401856712,MyBookie.ag,-1.5,51.5
2026-10-08 12:14:16.276930+00:00,401856712,BetOnline.ag,-2.0,51.5
2026-10-08 12:14:16.276930+00:00,401856712,LowVig.ag,-2.0,51.5
2026-10-08 12:14:16.276930+00:00,401856712,BetUS,-2.0,52.0
2026-10-08 12:14:16.276930+00:00,401856712,Bovada,-2.0,51.0
2026-10-08 12:14:16.276930+00:00,401869949,DraftKings,7.5,51.5
2026-10-08 12:14:16.276930+00:00,401869949,FanDuel,7.5,51.5
2026-10-08 12:14:16.276930+00:00,401869949,LowVig.ag,7.5,52.0
2026-10-08 12:14:16.276930+00:00,401869949,BetOnline.ag,7.5,52.0
2026-10-08 12:14:16.276930+00:00,401869949,BetMGM,7.5,52.5
2026-10-08 12:14:16.276930+00:00,401869949,MyBookie.ag,7.5,52.0
2026-10-08 12:14:16.276930+00:00,401869949,BetUS,7.5,52.0
2026-10-08 12:14:16.276930+00:00,401869949,Bovada,7.5,52.0
2026-10-08 12:14:16.276930+00:00,401869949,BetRivers,7.5,51.5
2026-10-08 12:14:16.276930+00:00,401869965,DraftKings,-3.0,47.5
2026-10-08 12:14:16.276930+00:00,401869965,BetOnline.ag,-2.5,47.5
2026-10-08 12:14:16.276930+00:00,401869965,LowVig.ag,-2.5,47.5
2026-10-08 12:14:16.276930+00:00,401869965,FanDuel,-2.5,47.5
2026-10-08 12:14:16.276930+00:00,401869965,BetMGM,-3.0,46.5
2026-10-08 12:14:16.276930+00:00,401869965,MyBookie.ag,-3.0,47.0
2026-10-08 12:14:16.276930+00:00,401869965,Bovada,-3.0,47.5
2026-10-08 12:14:16.276930+00:00,401869965,BetUS,-3.0,47.5
2026-10-08 12:14:16.276930+00:00,401869965,BetRivers,-3.0,46.5
2026-10-08 12:14:16.276930+00:00,401858485,DraftKings,-1.5,54.5
2026-10-08 12:14:16.276930+00:00,401858485,MyBookie.ag,-1.5,54.5
2026-10-08 12:14:16.276930+00:00,401858485,BetRivers,-1.5,55.0
2026-10-08 12:14:16.276930+00:00,401858485,FanDuel,-1.5,54.5
2026-10-08 12:14:16.276930+00:00,401858485,LowVig.ag,-1.5,55.0
2026-10-08 12:14:16.276930+00:00,401858485,BetOnline.ag,-1.5,55.0
2026-10-08 12:14:16.276930+00:00,401858485,BetMGM,-1.5,54.5
2026-10-08 12:14:16.276930+00:00,401858485,Bovada,-1.5,55.0
2026-10-08 12:14:16.276930+00:00,401858485,BetUS,-1.5,54.5
2026-10-08 12:14:16.276930+00:00,401858258,FanDuel,-9.5,50.5
2026-10-08 12:14:16.276930+00:00,401858258,BetRivers,-9.5,50.0
2026-10-08 12:14:16.276930+00:00,401858258,BetMGM,-9.0,50.5
2026-10-08 12:14:16.276930+00:00,401858258,DraftKings,-9.5,50.5
2026-10-08 12:14:16.276930+00:00,401858258,LowVig.ag,-9.0,50.5
2026-10-08 12:14:16.276930+00:00,401858258,BetOnline.ag,-9.0,50.5
2026-10-08 12:14:16.276930+00:00,401858258,MyBookie.ag,-9.0,50.5
2026-10-08 12:14:16.276930+00:00,401858258,Bovada,-9.5,50.0
2026-10-08 12:14:16.276930+00:00,401858258,BetUS,-9.0,50.5
2026-10-08 12:14:16.276930+00:00,401858486,FanDuel,2.5,50.5
2026-10-08 12:14:16.276930+00:00,401858486,BetRivers,2.5,50.5
2026-10-08 12:14:16.276930+00:00,401858486,BetMGM,2.5,50.5
2026-10-08 12:14:16.276930+00:00,401858486,DraftKings,2.5,50.5
2026-10-08 12:14:16.276930+00:00,401858486,BetOnline.ag,2.0,50.0
2026-10-08 12:14:16.276930+00:00,401858486,LowVig.ag,2.0,50.0
2026-10-08 12:14:16.276930+00:00,401858486,MyBookie.ag,2.5,50.5
2026-10-08 12:14:16.276930+00:00,401858486,Bovada,2.5,51.0
2026-10-08 12:14:16.276930+00:00,401858486,BetUS,2.5,50.0
2026-10-08 12:14:16.276930+00:00,401856827,FanDuel,-15.5,50.5
2026-10-08 12:14:16.276930+00:00,401856827,BetRivers,-15.5,51.0
2026-10-08 12:14:16.276930+00:00,401856827,BetMGM,-16.0,51.5
2026-10-08 12:14:16.276930+00:00,401856827,DraftKings,-15.5,51.5
2026-10-08 12:14:16.276930+00:00,401856827,BetOnline.ag,-15.5,50.0
2026-10-08 12:14:16.276930+00:00,401856827,MyBookie.ag,-15.5,51.0
2026-10-08 12:14:16.276930+00:00,401856827,BetUS,-15.5,50.5
2026-10-08 12:14:16.276930+00:00,401856827,Bovada,-16.0,51.0
2026-10-08 12:14:16.276930+00:00,401856808,FanDuel,-20.5,49.5
2026-10-08 12:14:16.276930+00:00,401856808,BetRivers,-21.0,50.5
2026-10-08 12:14:16.276930+00:00,401856808,BetMGM,-21.0,50.5
2026-10-08 12:14:16.276930+00:00,401856808,LowVig.ag,-20.5,50.0
2026-10-08 12:14:16.276930+00:00,401856808,BetOnline.ag,-20.5,50.0
2026-10-08 12:14:16.276930+00:00,401856808,DraftKings,-20.5,50.5
2026-10-08 12:14:16.276930+00:00,401856808,MyBookie.ag,-21.0,50.0
2026-10-08 12:14:16.276930+00:00,401856808,BetUS,-20.5,50.0
2026-10-08 12:14:16.276930+00:00,401856808,Bovada,-21.0,50.5
2026-10-08 12:14:16.276930+00:00,401860901,FanDuel,6.5,48.5
2026-10-08 12:14:16.276930+00:00,401860901,BetRivers,6.0,48.5
2026-10-08 12:14:16.276930+00:00,401860901,BetMGM,6.5,48.5
2026-10-08 12:14:16.276930+00:00,401860901,LowVig.ag,6.5,48.5
2026-10-08 12:14:16.276930+00:00,401860901,BetOnline.ag,6.5,48.5
2026-10-08 12:14:16.276930+00:00,401860901,DraftKings,6.5,48.5
2026-10-08 12:14:16.276930+00:00,401860901,MyBookie.ag,6.5,48.5
2026-10-08 12:14:16.276930+00:00,401860901,BetUS,6.5,48.5
2026-10-08 12:14:16.276930+00:00,401860901,Bovada,6.5,48.0
2026-10-08 12:14:16.276930+00:00,401856724,FanDuel,-9.5,54.5
2026-10-08 12:14:16.276930+00:00,401856724,DraftKings,-9.5,53.5
2026-10-08 12:14:16.276930+00:00,401858488,FanDuel,3.5,49.5
2026-10-08 12:14:16.276930+00:00,401858488,DraftKings,2.5,48.5
2026-10-08 12:14:16.276930+00:00,401856830,DraftKings,-9.5,55.5
2026-10-08 12:14:16.276930+00:00,401856720,FanDuel,-11.5,59.5
2026-10-08 12:14:16.276930+00:00,401856720,DraftKings,-12.5,59.5
2026-10-08 12:14:16.276930+00:00,401858490,DraftKings,-5.5,43.5
2026-10-08 12:14:16.276930+00:00,401858492,DraftKings,-12.5,58.5
2026-10-08 12:14:16.276930+00:00,401858494,DraftKings,-3.0,49.5
2026-10-08 12:14:16.276930+00:00,401856723,DraftKings,4.5,56.5
2026-10-08 12:14:16.276930+00:00,401856723,FanDuel,5.5,56.5
2026-10-08 12:14:16.276930+00:00,401856719,DraftKings,-18.5,49.5
2026-10-08 12:14:16.276930+00:00,401856719,FanDuel,-18.5,51.5
2026-10-08 12:14:16.276930+00:00,401858266,DraftKings,-4.5,47.5
2026-10-08 12:14:16.276930+00:00,401856721,FanDuel,-7.5,58.5
2026-10-08 12:14:16.276930+00:00,401856721,DraftKings,-6.0,57.5
2026-10-08 12:14:16.276930+00:00,401858263,DraftKings,-19.5,55.5
2026-10-08 12:14:16.276930+00:00,401858263,FanDuel,-19.5,54.5
2026-10-08 12:14:16.276930+00:00,401856809,DraftKings,12.5,48.5
2026-10-08 12:14:16.276930+00:00,401856809,FanDuel,12.5,48.5
2026-10-08 12:14:16.276930+00:00,401856831,FanDuel,-2.5,57.5
2026-10-08 12:14:16.276930+00:00,401856831,DraftKings,-3.5,57.5
2026-10-08 12:14:16.276930+00:00,401856722,DraftKings,-6.5,41.5
2026-10-08 12:46:48.912652+00:00,401870766,FanDuel,-13.5,52.5
2026-10-08 12:46:48.912652+00:00,401870766,BetRivers,-13.5,52.5
2026-10-08 12:46:48.912652+00:00,401870766,DraftKings,-13.5,52.5
2026-10-08 12:46:48.912652+00:00,401870766,BetMGM,-14.0,53.5
2026-10-08 12:46:48.912652+00:00,401870766,BetOnline.ag,-13.5,52.5
2026-10-08 12:46:48.912652+00:00,401870766,LowVig.ag,-13.5,52.5
2026-10-08 12:46:48.912652+00:00,401870766,MyBookie.ag,-13.5,52.5
2026-10-08 12:46:48.912652+00:00,401870766,Bovada,-13.5,52.5
2026-10-08 12:46:48.912652+00:00,401870766,BetUS,-13.5,52.5
2026-10-08 12:46:48.912652+00:00,401871052,FanDuel,-1.5,56.5
2026-10-08 12:46:48.912652+00:00,401871052,BetRivers,-1.5,56.5
2026-10-08 12:46:48.912652+00:00,401871052,DraftKings,-1.5,56.5
2026-10-08 12:46:48.912652+00:00,401871052,BetOnline.ag,-1.0,56.5
2026-10-08 12:46:48.912652+00:00,401871052,LowVig.ag,-1.0,56.5
2026-10-08 12:46:48.912652+00:00,401871052,MyBookie.ag,-1.5,56.5
2026-10-08 12:46:48.912652+00:00,401871052,Bovada,-1.5,56.5
2026-10-08 12:46:48.912652+00:00,401871052,BetUS,-1.5,56.5
2026-10-08 12:46:48.912652+00:00,401871052,BetMGM,-1.0,56.5
2026-10-08 12:46:48.912652+00:00,401869933,FanDuel,-2.5,59.5
2026-10-08 12:46:48.912652+00:00,401869933,BetRivers,-2.5,60.5
2026-10-08 12:46:48.912652+00:00,401869933,DraftKings,-3.0,60.5
2026-10-08 12:46:48.912652+00:00,401869933,LowVig.ag,-3.0,60.5
2026-10-08 12:46:48.912652+00:00,401869933,BetOnline.ag,-3.0,60.5
2026-10-08 12:46:48.912652+00:00,401869933,BetMGM,-3.0,59.5
2026-10-08 12:46:48.912652+00:00,401869933,MyBookie.ag,-3.0,60.0
2026-10-08 12:46:48.912652+00:00,401869933,Bovada,-2.5,60.5
2026-10-08 12:46:48.912652+00:00,401869933,BetUS,-3.0,60.5
2026-10-08 12:46:48.912652+00:00,401862794,FanDuel,-6.5,50.5
2026-10-08 12:46:48.912652+00:00,401862794,BetRivers,-7.0,50.5
2026-10-08 12:46:48.912652+00:00,401862794,BetMGM,-6.5,50.5
2026-10-08 12:46:48.912652+00:00,401862794,DraftKings,-7.0,49.5
2026-10-08 12:46:48.912652+00:00,401862794,LowVig.ag,-7.0,50.0
2026-10-08 12:46:48.912652+00:00,401862794,BetOnline.ag,-7.0,50.0
2026-10-08 12:46:48.912652+00:00,401862794,MyBookie.ag,-7.0,50.0
2026-10-08 12:46:48.912652+00:00,401862794,Bovada,-6.5,50.0
2026-10-08 12:46:48.912652+00:00,401862794,BetUS,-7.0,50.0
2026-10-08 12:46:48.912652+00:00,401858254,DraftKings,-3.5,59.5
2026-10-08 12:46:48.912652+00:00,401858254,FanDuel,-3.5,59.5
2026-10-08 12:46:48.912652+00:00,401858254,BetRivers,-3.5,59.0
2026-10-08 12:46:48.912652+00:00,401858254,BetMGM,-3.5,59.5
2026-10-08 12:46:48.912652+00:00,401858254,BetOnline.ag,-3.5,59.0
2026-10-08 12:46:48.912652+00:00,401858254,LowVig.ag,-3.5,59.0
2026-10-08 12:46:48.912652+00:00,401858254,MyBookie.ag,-3.5,59.0
2026-10-08 12:46:48.912652+00:00,401858254,Bovada,-3.5,59.0
2026-10-08 12:46:48.912652+00:00,401858254,BetUS,-3.5,59.0
2026-10-08 12:46:48.912652+00:00,401858487,DraftKings,-3.0,41.5
2026-10-08 12:46:48.912652+00:00,401858487,BetRivers,-3.5,41.5
2026-10-08 12:46:48.912652+00:00,401858487,MyBookie.ag,-3.0,41.5
2026-10-08 12:46:48.912652+00:00,401858487,FanDuel,-3.5,41.5
2026-10-08 12:46:48.912652+00:00,401858487,BetMGM,-3.5,40.5
2026-10-08 12:46:48.912652+00:00,401858487,LowVig.ag,-3.0,41.0
2026-10-08 12:46:48.912652+00:00,401858487,BetOnline.ag,-3.5,41.0
2026-10-08 12:46:48.912652+00:00,401858487,Bovada,-3.0,42.0
2026-10-08 12:46:48.912652+00:00,401858487,BetUS,-3.0,41.0
2026-10-08 12:46:48.912652+00:00,401864519,FanDuel,-5.5,42.5
2026-10-08 12:46:48.912652+00:00,401864519,DraftKings,-6.0,42.5
2026-10-08 12:46:48.912652+00:00,401864519,BetRivers,-6.5,42.5
2026-10-08 12:46:48.912652+00:00,401864519,LowVig.ag,-6.5,42.5
2026-10-08 12:46:48.912652+00:00,401864519,BetOnline.ag,-6.5,42.5
2026-10-08 12:46:48.912652+00:00,401864519,BetMGM,-6.0,43.5
2026-10-08 12:46:48.912652+00:00,401864519,MyBookie.ag,-6.0,42.5
2026-10-08 12:46:48.912652+00:00,401864519,Bovada,-6.0,42.5
2026-10-08 12:46:48.912652+00:00,401864519,BetUS,-6.0,42.5
2026-10-08 12:46:48.912652+00:00,401860922,FanDuel,-5.5,43.5
2026-10-08 12:46:48.912652+00:00,401860922,BetRivers,-5.5,43.5
2026-10-08 12:46:48.912652+00:00,401860922,BetMGM,-5.5,43.5
2026-10-08 12:46:48.912652+00:00,401860922,DraftKings,-5.5,44.5
2026-10-08 12:46:48.912652+00:00,401860922,BetOnline.ag,-5.5,44.0
2026-10-08 12:46:48.912652+00:00,401860922,LowVig.ag,-5.5,44.0
2026-10-08 12:46:48.912652+00:00,401860922,MyBookie.ag,-5.5,44.0
2026-10-08 12:46:48.912652+00:00,401860922,Bovada,-5.5,44.0
2026-10-08 12:46:48.912652+00:00,401860922,BetUS,-5.5,44.0
2026-10-08 12:46:48.912652+00:00,401856826,DraftKings,-10.0,46.5
2026-10-08 12:46:48.912652+00:00,401856826,BetRivers,-10.5,46.5
2026-10-08 12:46:48.912652+00:00,401856826,MyBookie.ag,-10.0,46.0
2026-10-08 12:46:48.912652+00:00,401856826,FanDuel,-9.5,46.5
2026-10-08 12:46:48.912652+00:00,401856826,BetMGM,-10.0,45.5
2026-10-08 12:46:48.912652+00:00,401856826,LowVig.ag,-10.0,46.5
2026-10-08 12:46:48.912652+00:00,401856826,BetOnline.ag,-10.0,46.5
2026-10-08 12:46:48.912652+00:00,401856826,Bovada,-10.0,46.0
2026-10-08 12:46:48.912652+00:00,401856826,BetUS,-10.0,46.0
2026-10-08 12:46:48.912652+00:00,401856823,FanDuel,3.5,62.5
2026-10-08 12:46:48.912652+00:00,401856823,BetRivers,3.0,61.0
2026-10-08 12:46:48.912652+00:00,401856823,BetMGM,3.0,61.5
2026-10-08 12:46:48.912652+00:00,401856823,DraftKings,3.0,61.5
2026-10-08 12:46:48.912652+00:00,401856823,LowVig.ag,3.0,61.5
2026-10-08 12:46:48.912652+00:00,401856823,BetOnline.ag,3.0,61.5
2026-10-08 12:46:48.912652+00:00,401856823,MyBookie.ag,3.0,61.5
2026-10-08 12:46:48.912652+00:00,401856823,Bovada,3.0,61.5
2026-10-08 12:46:48.912652+00:00,401856823,BetUS,3.5,61.5
2026-10-08 12:46:48.912652+00:00,401862795,DraftKings,-3.0,48.5
2026-10-08 12:46:48.912652+00:00,401862795,BetOnline.ag,-3.0,48.0
2026-10-08 12:46:48.912652+00:00,401862795,LowVig.ag,-3.0,48.0
2026-10-08 12:46:48.912652+00:00,401862795,FanDuel,-3.5,47.5
2026-10-08 12:46:48.912652+00:00,401862795,BetRivers,-3.5,47.5
2026-10-08 12:46:48.912652+00:00,401862795,BetMGM,-3.0,48.5
2026-10-08 12:46:48.912652+00:00,401862795,MyBookie.ag,-3.5,48.0
2026-10-08 12:46:48.912652+00:00,401862795,Bovada,-3.0,48.5
2026-10-08 12:46:48.912652+00:00,401862795,BetUS,-3.0,48.0
2026-10-08 12:46:48.912652+00:00,401866436,DraftKings,-7.5,43.5
2026-10-08 12:46:48.912652+00:00,401866436,FanDuel,-7.5,44.5
2026-10-08 12:46:48.912652+00:00,401866436,BetRivers,-7.5,44.5
2026-10-08 12:46:48.912652+00:00,401866436,LowVig.ag,-7.0,44.0
2026-10-08 12:46:48.912652+00:00,401866436,BetOnline.ag,-7.0,44.0
2026-10-08 12:46:48.912652+00:00,401866436,BetMGM,-7.5,43.5
2026-10-08 12:46:48.912652+00:00,401866436,MyBookie.ag,-7.5,44.0
2026-10-08 12:46:48.912652+00:00,401866436,Bovada,-7.5,43.5
2026-10-08 12:46:48.912652+00:00,401866436,BetUS,-8.5,44.0
2026-10-08 12:46:48.912652+00:00,401858481,FanDuel,7.5,48.5
2026-10-08 12:46:48.912652+00:00,401858481,DraftKings,7.5,48.5
2026-10-08 12:46:48.912652+00:00,401858481,BetRivers,7.5,48.5
2026-10-08 12:46:48.912652+00:00,401858481,MyBookie.ag,7.5,48.5
2026-10-08 12:46:48.912652+00:00,401858481,BetMGM,7.5,48.5
2026-10-08 12:46:48.912652+00:00,401858481,LowVig.ag,7.0,48.5
2026-10-08 12:46:48.912652+00:00,401858481,BetOnline.ag,7.0,48.5
2026-10-08 12:46:48.912652+00:00,401858481,Bovada,7.5,48.0
2026-10-08 12:46:48.912652+00:00,401858481,BetUS,7.5,48.5
2026-10-08 12:46:48.912652+00:00,401856716,DraftKings,-3.5,48.5
2026-10-08 12:46:48.912652+00:00,401856716,BetRivers,-3.0,48.5
2026-10-08 12:46:48.912652+00:00,401856716,MyBookie.ag,-3.5,48.0
2026-10-08 12:46:48.912652+00:00,401856716,FanDuel,-3.5,48.5
2026-10-08 12:46:48.912652+00:00,401856716,BetMGM,-3.5,48.5
2026-10-08 12:46:48.912652+00:00,401856716,BetOnline.ag,-3.5,48.0
2026-10-08 12:46:48.912652+00:00,401856716,LowVig.ag,-3.5,48.0
2026-10-08 12:46:48.912652+00:00,401856716,BetUS,-3.5,48.5
2026-10-08 12:46:48.912652+00:00,401856716,Bovada,-3.5,48.5
2026-10-08 12:46:48.912652+00:00,401858260,FanDuel,3.5,59.5
2026-10-08 12:46:48.912652+00:00,401858260,BetRivers,3.5,59.5
2026-10-08 12:46:48.912652+00:00,401858260,BetMGM,3.5,59.5
2026-10-08 12:46:48.912652+00:00,401858260,DraftKings,3.5,59.5
2026-10-08 12:46:48.912652+00:00,401858260,LowVig.ag,3.5,60.0
2026-10-08 12:46:48.912652+00:00,401858260,BetOnline.ag,3.5,60.0
2026-10-08 12:46:48.912652+00:00,401858260,MyBookie.ag,3.5,59.5
2026-10-08 12:46:48.912652+00:00,401858260,Bovada,3.5,59.5
2026-10-08 12:46:48.912652+00:00,401858260,BetUS,3.5,60.0
2026-10-08 12:46:48.912652+00:00,401858256,FanDuel,-3.5,47.5
2026-10-08 12:46:48.912652+00:00,401858256,BetRivers,-4.0,47.0
2026-10-08 12:46:48.912652+00:00,401858256,BetMGM,-4.0,46.5
2026-10-08 12:46:48.912652+00:00,401858256,BetOnline.ag,-4.0,47.0
2026-10-08 12:46:48.912652+00:00,401858256,LowVig.ag,-3.5,47.0
2026-10-08 12:46:48.912652+00:00,401858256,DraftKings,-4.0,47.5
2026-10-08 12:46:48.912652+00:00,401858256,MyBookie.ag,-4.0,47.0
2026-10-08 12:46:48.912652+00:00,401858256,Bovada,-4.0,47.0
2026-10-08 12:46:48.912652+00:00,401858256,BetUS,-4.0,47.0
2026-10-08 12:46:48.912652+00:00,401856824,FanDuel,-10.5,53.5
2026-10-08 12:46:48.912652+00:00,401856824,BetRivers,-10.5,53.5
2026-10-08 12:46:48.912652+00:00,401856824,BetMGM,-11.5,53.5
2026-10-08 12:46:48.912652+00:00,401856824,DraftKings,-10.5,53.5
2026-10-08 12:46:48.912652+00:00,401856824,LowVig.ag,-10.5,53.0
2026-10-08 12:46:48.912652+00:00,401856824,BetOnline.ag,-10.5,53.0
2026-10-08 12:46:48.912652+00:00,401856824,MyBookie.ag,-11.5,53.0
2026-10-08 12:46:48.912652+00:00,401856824,Bovada,-11.0,53.5
2026-10-08 12:46:48.912652+00:00,401856824,BetUS,-11.0,53.5
2026-10-08 12:46:48.912652+00:00,401858482,FanDuel,-36.5,52.5
2026-10-08 12:46:48.912652+00:00,401858482,BetRivers,-37.5,53.5
2026-10-08 12:46:48.912652+00:00,401858482,BetMGM,-37.5,52.5
2026-10-08 12:46:48.912652+00:00,401858482,DraftKings,-37.5,52.5
2026-10-08 12:46:48.912652+00:00,401858482,BetOnline.ag,-37.0,52.5
2026-10-08 12:46:48.912652+00:00,401858482,LowVig.ag,-37.0,52.5
2026-10-08 12:46:48.912652+00:00,401858482,BetUS,-37.0,52.5
2026-10-08 12:46:48.912652+00:00,401858482,Bovada,-37.0,52.5
2026-10-08 12:46:48.912652+00:00,401856714,DraftKings,-11.5,59.5
2026-10-08 12:46:48.912652+00:00,401856714,BetRivers,-12.5,60.0
2026-10-08 12:46:48.912652+00:00,401856714,MyBookie.ag,-11.5,59.5
2026-10-08 12:46:48.912652+00:00,401856714,FanDuel,-12.5,60.5
2026-10-08 12:46:48.912652+00:00,401856714,BetMGM,-11.5,59.5
2026-10-08 12:46:48.912652+00:00,401856714,LowVig.ag,-11.5,60.0
2026-10-08 12:46:48.912652+00:00,401856714,BetOnline.ag,-11.5,60.0
2026-10-08 12:46:48.912652+00:00,401856714,Bovada,-11.0,59.5
2026-10-08 12:46:48.912652+00:00,401856714,BetUS,-11.5,60.0
2026-10-08 12:46:48.912652+00:00,401869843,DraftKings,-9.5,48.5
2026-10-08 12:46:48.912652+00:00,401869843,FanDuel,-9.5,48.5
2026-10-08 12:46:48.912652+00:00,401869843,LowVig.ag,-9.5,48.5
2026-10-08 12:46:48.912652+00:00,401869843,BetOnline.ag,-9.5,48.5
2026-10-08 12:46:48.912652+00:00,401869843,BetRivers,-9.5,49.5
2026-10-08 12:46:48.912652+00:00,401869843,BetMGM,-10.0,48.5
2026-10-08 12:46:48.912652+00:00,401869843,MyBookie.ag,-9.5,48.5
2026-10-08 12:46:48.912652+00:00,401869843,Bovada,-9.0,48.5
2026-10-08 12:46:48.912652+00:00,401869843,BetUS,-10.0,48.5
2026-10-08 12:46:48.912652+00:00,401866435,DraftKings,7.0,51.5
2026-10-08 12:46:48.912652+00:00,401866435,FanDuel,6.5,52.5
2026-10-08 12:46:48.912652+00:00,401866435,LowVig.ag,7.0,52.0
2026-10-08 12:46:48.912652+00:00,401866435,BetOnline.ag,7.0,52.0
2026-10-08 12:46:48.912652+00:00,401866435,BetRivers,7.0,51.5
2026-10-08 12:46:48.912652+00:00,401866435,BetMGM,7.0,52.5
2026-10-08 12:46:48.912652+00:00,401866435,MyBookie.ag,7.0,52.0
2026-10-08 12:46:48.912652+00:00,401866435,Bovada,6.5,51.5
2026-10-08 12:46:48.912652+00:00,401866435,BetUS,7.0,52.0
2026-10-08 12:46:48.912652+00:00,401866437,DraftKings,-21.0,54.5
2026-10-08 12:46:48.912652+00:00,401866437,FanDuel,-20.5,54.5
2026-10-08 12:46:48.912652+00:00,401866437,LowVig.ag,-20.5,54.5
2026-10-08 12:46:48.912652+00:00,401866437,BetOnline.ag,-20.5,54.5
2026-10-08 12:46:48.912652+00:00,401866437,BetRivers,-21.0,54.5
2026-10-08 12:46:48.912652+00:00,401866437,BetMGM,-21.5,54.5
2026-10-08 12:46:48.912652+00:00,401866437,MyBookie.ag,-21.0,55.0
2026-10-08 12:46:48.912652+00:00,401866437,Bovada,-21.0,55.0
2026-10-08 12:46:48.912652+00:00,401866437,BetUS,-21.0,55.0
2026-10-08 12:46:48.912652+00:00,401858259,FanDuel,9.5,53.5
2026-10-08 12:46:48.912652+00:00,401858259,BetRivers,10.0,54.0
2026-10-08 12:46:48.912652+00:00,401858259,BetMGM,10.0,53.5
2026-10-08 12:46:48.912652+00:00,401858259,DraftKings,10.0,53.5
2026-10-08 12:46:48.912652+00:00,401858259,LowVig.ag,9.5,53.0
2026-10-08 12:46:48.912652+00:00,401858259,BetOnline.ag,9.5,53.0
2026-10-08 12:46:48.912652+00:00,401858259,MyBookie.ag,10.0,53.0
2026-10-08 12:46:48.912652+00:00,401858259,BetUS,9.5,53.0
2026-10-08 12:46:48.912652+00:00,401858259,Bovada,10.0,53.5
2026-10-08 12:46:48.912652+00:00,401866438,DraftKings,-3.0,46.5
2026-10-08 12:46:48.912652+00:00,401866438,FanDuel,-2.5,46.5
2026-10-08 12:46:48.912652+00:00,401866438,LowVig.ag,-3.0,46.0
2026-10-08 12:46:48.912652+00:00,401866438,BetOnline.ag,-3.0,46.0
2026-10-08 12:46:48.912652+00:00,401866438,BetRivers,-3.0,46.5
2026-10-08 12:46:48.912652+00:00,401866438,BetMGM,-2.5,45.5
2026-10-08 12:46:48.912652+00:00,401866438,MyBookie.ag,-3.0,46.0
2026-10-08 12:46:48.912652+00:00,401866438,Bovada,-3.0,46.0
2026-10-08 12:46:48.912652+00:00,401866438,BetUS,-3.0,46.0
2026-10-08 12:46:48.912652+00:00,401862796,DraftKings,-28.5,57.5
2026-10-08 12:46:48.912652+00:00,401862796,FanDuel,-28.5,57.5
2026-10-08 12:46:48.912652+00:00,401862796,BetOnline.ag,-28.5,57.5
2026-10-08 12:46:48.912652+00:00,401862796,LowVig.ag,-28.5,57.5
2026-10-08 12:46:48.912652+00:00,401862796,BetRivers,-28.5,57.5
2026-10-08 12:46:48.912652+00:00,401862796,BetMGM,-29.0,57.5
2026-10-08 12:46:48.912652+00:00,401862796,MyBookie.ag,-28.5,58.0
2026-10-08 12:46:48.912652+00:00,401862796,BetUS,-28.5,58.0
2026-10-08 12:46:48.912652+00:00,401862796,Bovada,-28.0,58.0
2026-10-08 12:46:48.912652+00:00,401858255,FanDuel,6.5,44.5
2026-10-08 12:46:48.912652+00:00,401858255,BetRivers,6.5,44.0
2026-10-08 12:46:48.912652+00:00,401858255,BetMGM,6.5,43.5
2026-10-08 12:46:48.912652+00:00,401858255,DraftKings,6.5,43.5
2026-10-08 12:46:48.912652+00:00,401858255,BetOnline.ag,6.5,43.5
2026-10-08 12:46:48.912652+00:00,401858255,LowVig.ag,6.5,43.5
2026-10-08 12:46:48.912652+00:00,401858255,MyBookie.ag,7.0,44.0
2026-10-08 12:46:48.912652+00:00,401858255,Bovada,6.5,43.5
2026-10-08 12:46:48.912652+00:00,401858255,BetUS,7.0,44.0
2026-10-08 12:46:48.912652+00:00,401856825,FanDuel,-2.5,55.5
2026-10-08 12:46:48.912652+00:00,401856825,BetRivers,-2.5,55.0
2026-10-08 12:46:48.912652+00:00,401856825,BetMGM,-2.5,55.5
2026-10-08 12:46:48.912652+00:00,401856825,DraftKings,-2.5,55.5
2026-10-08 12:46:48.912652+00:00,401856825,LowVig.ag,-2.5,55.0
2026-10-08 12:46:48.912652+00:00,401856825,BetOnline.ag,-2.5,55.0
2026-10-08 12:46:48.912652+00:00,401856825,MyBookie.ag,-2.5,55.5
2026-10-08 12:46:48.912652+00:00,401856825,BetUS,-2.5,55.5
2026-10-08 12:46:48.912652+00:00,401856825,Bovada,-2.5,55.0
2026-10-08 12:46:48.912652+00:00,401858480,FanDuel,2.5,48.5
2026-10-08 12:46:48.912652+00:00,401858480,BetRivers,2.5,47.5
2026-10-08 12:46:48.912652+00:00,401858480,BetMGM,2.5,47.5
2026-10-08 12:46:48.912652+00:00,401858480,DraftKings,2.5,47.5
2026-10-08 12:46:48.912652+00:00,401858480,BetOnline.ag,2.5,48.0
2026-10-08 12:46:48.912652+00:00,401858480,LowVig.ag,2.5,48.0
2026-10-08 12:46:48.912652+00:00,401858480,MyBookie.ag,2.5,48.0
2026-10-08 12:46:48.912652+00:00,401858480,Bovada,2.5,48.0
2026-10-08 12:46:48.912652+00:00,401858480,BetUS,2.5,48.0
2026-10-08 12:46:48.912652+00:00,401866439,DraftKings,-13.5,43.5
2026-10-08 12:46:48.912652+00:00,401866439,LowVig.ag,-13.5,43.5
2026-10-08 12:46:48.912652+00:00,401866439,BetOnline.ag,-13.5,43.5
2026-10-08 12:46:48.912652+00:00,401866439,FanDuel,-13.5,43.5
2026-10-08 12:46:48.912652+00:00,401866439,BetMGM,-13.5,42.5
2026-10-08 12:46:48.912652+00:00,401866439,MyBookie.ag,-14.0,43.5
2026-10-08 12:46:48.912652+00:00,401866439,Bovada,-13.5,43.5
2026-10-08 12:46:48.912652+00:00,401866439,BetUS,-13.5,43.5
2026-10-08 12:46:48.912652+00:00,401866439,BetRivers,-14.0,43.5
2026-10-08 12:46:48.912652+00:00,401862799,FanDuel,-2.5,48.5
2026-10-08 12:46:48.912652+00:00,401862799,BetRivers,-2.5,48.5
2026-10-08 12:46:48.912652+00:00,401862799,BetMGM,-2.5,48.5
2026-10-08 12:46:48.912652+00:00,401862799,DraftKings,-2.5,48.5
2026-10-08 12:46:48.912652+00:00,401862799,LowVig.ag,-2.5,48.5
2026-10-08 12:46:48.912652+00:00,401862799,BetOnline.ag,-2.5,48.5
2026-10-08 12:46:48.912652+00:00,401862799,MyBookie.ag,-2.5,48.5
2026-10-08 12:46:48.912652+00:00,401862799,BetUS,-2.5,48.5
2026-10-08 12:46:48.912652+00:00,401862799,Bovada,-2.5,49.0
2026-10-08 12:46:48.912652+00:00,401858257,DraftKings,-38.5,54.5
2026-10-08 12:46:48.912652+00:00,401858257,FanDuel,-37.5,54.5
2026-10-08 12:46:48.912652+00:00,401858257,BetRivers,-38.5,54.5
2026-10-08 12:46:48.912652+00:00,401858257,BetMGM,-38.5,54.5
2026-10-08 12:46:48.912652+00:00,401858257,BetOnline.ag,-38.5,54.0
2026-10-08 12:46:48.912652+00:00,401858257,LowVig.ag,-38.5,54.0
2026-10-08 12:46:48.912652+00:00,401858257,BetUS,-38.5,54.0
2026-10-08 12:46:48.912652+00:00,401858257,Bovada,-38.0,54.5
2026-10-08 12:46:48.912652+00:00,401856717,FanDuel,7.5,38.5
2026-10-08 12:46:48.912652+00:00,401856717,BetMGM,7.5,38.5
2026-10-08 12:46:48.912652+00:00,401856717,DraftKings,7.5,39.5
2026-10-08 12:46:48.912652+00:00,401856717,BetRivers,7.5,39.0
2026-10-08 12:46:48.912652+00:00,401856717,MyBookie.ag,7.5,39.5
2026-10-08 12:46:48.912652+00:00,401856717,BetOnline.ag,7.5,39.5
2026-10-08 12:46:48.912652+00:00,401856717,LowVig.ag,7.5,39.5
2026-10-08 12:46:48.912652+00:00,401856717,BetUS,7.5,39.5
2026-10-08 12:46:48.912652+00:00,401856717,Bovada,7.5,39.0
2026-10-08 12:46:48.912652+00:00,401856718,FanDuel,10.5,55.5
2026-10-08 12:46:48.912652+00:00,401856718,DraftKings,9.5,55.5
2026-10-08 12:46:48.912652+00:00,401856718,BetRivers,10.0,55.5
2026-10-08 12:46:48.912652+00:00,401856718,BetOnline.ag,9.5,56.0
2026-10-08 12:46:48.912652+00:00,401856718,BetMGM,9.5,56.5
2026-10-08 12:46:48.912652+00:00,401856718,MyBookie.ag,9.5,55.5
2026-10-08 12:46:48.912652+00:00,401856718,BetUS,9.5,56.0
2026-10-08 12:46:48.912652+00:00,401856718,Bovada,9.0,55.0
2026-10-08 12:46:48.912652+00:00,401858484,FanDuel,-11.5,58.5
2026-10-08 12:46:48.912652+00:00,401858484,DraftKings,-11.5,58.5
2026-10-08 12:46:48.912652+00:00,401858484,BetRivers,-11.5,58.5
2026-10-08 12:46:48.912652+00:00,401858484,MyBookie.ag,-11.5,58.5
2026-10-08 12:46:48.912652+00:00,401858484,BetMGM,-12.5,59.5
2026-10-08 12:46:48.912652+00:00,401858484,BetOnline.ag,-11.0,58.5
2026-10-08 12:46:48.912652+00:00,401858484,LowVig.ag,-11.0,58.5
2026-10-08 12:46:48.912652+00:00,401858484,BetUS,-11.5,58.5
2026-10-08 12:46:48.912652+00:00,401858484,Bovada,-11.5,59.0
2026-10-08 12:46:48.912652+00:00,401861964,FanDuel,-3.5,54.5
2026-10-08 12:46:48.912652+00:00,401861964,LowVig.ag,-4.0,55.0
2026-10-08 12:46:48.912652+00:00,401861964,BetOnline.ag,-3.5,55.0
2026-10-08 12:46:48.912652+00:00,401861964,DraftKings,-3.5,54.5
2026-10-08 12:46:48.912652+00:00,401861964,BetMGM,-3.5,55.5
2026-10-08 12:46:48.912652+00:00,401861964,MyBookie.ag,-3.5,55.0
2026-10-08 12:46:48.912652+00:00,401861964,Bovada,-3.5,54.5
2026-10-08 12:46:48.912652+00:00,401861964,BetUS,-3.5,54.5
2026-10-08 12:46:48.912652+00:00,401861964,BetRivers,-4.5,53.5
2026-10-08 12:46:48.912652+00:00,401862797,DraftKings,-10.0,47.5
2026-10-08 12:46:48.912652+00:00,401862797,LowVig.ag,-10.0,47.0
2026-10-08 12:46:48.912652+00:00,401862797,BetOnline.ag,-10.0,47.0
2026-10-08 12:46:48.912652+00:00,401862797,FanDuel,-9.5,47.5
2026-10-08 12:46:48.912652+00:00,401862797,BetMGM,-9.5,47.5
2026-10-08 12:46:48.912652+00:00,401862797,MyBookie.ag,-10.0,47.0
2026-10-08 12:46:48.912652+00:00,401862797,Bovada,-10.0,47.5
2026-10-08 12:46:48.912652+00:00,401862797,BetUS,-10.0,47.0
2026-10-08 12:46:48.912652+00:00,401862797,BetRivers,-10.5,47.5
2026-10-08 12:46:48.912652+00:00,401856713,FanDuel,13.5,51.5
2026-10-08 12:46:48.912652+00:00,401856713,BetRivers,13.5,51.0
2026-10-08 12:46:48.912652+00:00,401856713,BetMGM,13.5,51.5
2026-10-08 12:46:48.912652+00:00,401856713,DraftKings,13.5,51.5
2026-10-08 12:46:48.912652+00:00,401856713,LowVig.ag,13.5,51.0
2026-10-08 12:46:48.912652+00:00,401856713,BetOnline.ag,13.5,51.0
2026-10-08 12:46:48.912652+00:00,401856713,MyBookie.ag,13.5,51.0
2026-10-08 12:46:48.912652+00:00,401856713,BetUS,13.5,51.0
2026-10-08 12:46:48.912652+00:00,401856713,Bovada,13.5,51.5
2026-10-08 12:46:48.912652+00:00,401858483,DraftKings,-34.5,56.5
2026-10-08 12:46:48.912652+00:00,401858483,FanDuel,-34.5,57.5
2026-10-08 12:46:48.912652+00:00,401858483,BetRivers,-34.5,56.5
2026-10-08 12:46:48.912652+00:00,401858483,BetMGM,-34.5,56.5
2026-10-08 12:46:48.912652+00:00,401858483,LowVig.ag,-34.0,56.5
2026-10-08 12:46:48.912652+00:00,401858483,BetOnline.ag,-34.0,56.5
2026-10-08 12:46:48.912652+00:00,401858483,Bovada,-34.5,56.0
2026-10-08 12:46:48.912652+00:00,401858483,BetUS,-34.0,56.5
2026-10-08 12:46:48.912652+00:00,401860902,FanDuel,-14.5,53.5
2026-10-08 12:46:48.912652+00:00,401860902,BetRivers,-15.0,53.5
2026-10-08 12:46:48.912652+00:00,401860902,BetMGM,-16.5,53.5
2026-10-08 12:46:48.912652+00:00,401860902,LowVig.ag,-14.5,53.5
2026-10-08 12:46:48.912652+00:00,401860902,BetOnline.ag,-14.5,53.5
2026-10-08 12:46:48.912652+00:00,401860902,DraftKings,-15.5,53.5
2026-10-08 12:46:48.912652+00:00,401860902,MyBookie.ag,-15.5,53.5
2026-10-08 12:46:48.912652+00:00,401860902,BetUS,-15.0,53.5
2026-10-08 12:46:48.912652+00:00,401860902,Bovada,-15.5,53.5
2026-10-08 12:46:48.912652+00:00,401869943,DraftKings,-4.0,58.5
2026-10-08 12:46:48.912652+00:00,401869943,FanDuel,-3.5,58.5
2026-10-08 12:46:48.912652+00:00,401869943,LowVig.ag,-4.0,57.0
2026-10-08 12:46:48.912652+00:00,401869943,BetOnline.ag,-4.0,57.0
2026-10-08 12:46:48.912652+00:00,401869943,BetRivers,-3.5,59.5
2026-10-08 12:46:48.912652+00:00,401869943,BetMGM,-3.5,58.5
2026-10-08 12:46:48.912652+00:00,401869943,MyBookie.ag,-3.5,58.5
2026-10-08 12:46:48.912652+00:00,401869943,BetUS,-4.0,58.5
2026-10-08 12:46:48.912652+00:00,401869943,Bovada,-3.5,59.0
2026-10-08 12:46:48.912652+00:00,401856715,DraftKings,8.5,51.5
2026-10-08 12:46:48.912652+00:00,401856715,BetRivers,9.0,52.0
2026-10-08 12:46:48.912652+00:00,401856715,MyBookie.ag,8.5,52.0
2026-10-08 12:46:48.912652+00:00,401856715,FanDuel,8.5,51.5
2026-10-08 12:46:48.912652+00:00,401856715,BetOnline.ag,8.0,51.5
2026-10-08 12:46:48.912652+00:00,401856715,LowVig.ag,8.0,51.5
2026-10-08 12:46:48.912652+00:00,401856715,BetMGM,8.5,52.5
2026-10-08 12:46:48.912652+00:00,401856715,Bovada,8.5,52.0
2026-10-08 12:46:48.912652+00:00,401856715,BetUS,8.5,52.0
2026-10-08 12:46:48.912652+00:00,401862798,DraftKings,-14.0,52.5
2026-10-08 12:46:48.912652+00:00,401862798,FanDuel,-14.5,52.5
2026-10-08 12:46:48.912652+00:00,401862798,BetRivers,-13.5,51.5
2026-10-08 12:46:48.912652+00:00,401862798,LowVig.ag,-14.0,52.5
2026-10-08 12:46:48.912652+00:00,401862798,BetOnline.ag,-14.0,52.5
2026-10-08 12:46:48.912652+00:00,401862798,BetMGM,-14.0,52.5
2026-10-08 12:46:48.912652+00:00,401862798,MyBookie.ag,-14.0,52.5
2026-10-08 12:46:48.912652+00:00,401862798,BetUS,-14.0,52.5
2026-10-08 12:46:48.912652+00:00,401862798,Bovada,-13.5,52.5
2026-10-08 12:46:48.912652+00:00,401864517,DraftKings,9.5,49.5
2026-10-08 12:46:48.912652+00:00,401864517,LowVig.ag,10.0,49.5
2026-10-08 12:46:48.912652+00:00,401864517,BetOnline.ag,10.0,49.5
2026-10-08 12:46:48.912652+00:00,401864517,FanDuel,8.5,49.5
2026-10-08 12:46:48.912652+00:00,401864517,BetMGM,9.0,48.5
2026-10-08 12:46:48.912652+00:00,401864517,MyBookie.ag,10.0,49.0
2026-10-08 12:46:48.912652+00:00,401864517,BetUS,10.0,49.0
2026-10-08 12:46:48.912652+00:00,401864517,Bovada,10.0,49.5
2026-10-08 12:46:48.912652+00:00,401864517,BetRivers,9.5,49.5
2026-10-08 12:46:48.912652+00:00,401864518,FanDuel,3.5,48.5
2026-10-08 12:46:48.912652+00:00,401864518,LowVig.ag,3.0,48.0
2026-10-08 12:46:48.912652+00:00,401864518,BetOnline.ag,3.0,48.0
2026-10-08 12:46:48.912652+00:00,401864518,DraftKings,3.0,47.5
2026-10-08 12:46:48.912652+00:00,401864518,BetMGM,3.5,47.5
2026-10-08 12:46:48.912652+00:00,401864518,MyBookie.ag,3.5,48.0
2026-10-08 12:46:48.912652+00:00,401864518,BetUS,3.0,48.0
2026-10-08 12:46:48.912652+00:00,401864518,Bovada,3.0,48.0
2026-10-08 12:46:48.912652+00:00,401864518,BetRivers,3.5,47.5
2026-10-08 12:46:48.912652+00:00,401864516,FanDuel,7.5,46.5
2026-10-08 12:46:48.912652+00:00,401864516,LowVig.ag,7.5,46.0
2026-10-08 12:46:48.912652+00:00,401864516,DraftKings,7.5,46.5
2026-10-08 12:46:48.912652+00:00,401864516,BetOnline.ag,7.5,46.0
2026-10-08 12:46:48.912652+00:00,401864516,BetMGM,7.5,46.5
2026-10-08 12:46:48.912652+00:00,401864516,MyBookie.ag,7.5,46.5
2026-10-08 12:46:48.912652+00:00,401864516,BetUS,7.5,46.0
2026-10-08 12:46:48.912652+00:00,401864516,Bovada,7.5,47.0
2026-10-08 12:46:48.912652+00:00,401864516,BetRivers,7.5,47.5
2026-10-08 12:46:48.912652+00:00,401856712,FanDuel,-1.5,51.5
2026-10-08 12:46:48.912652+00:00,401856712,BetMGM,-1.5,51.5
2026-10-08 12:46:48.912652+00:00,401856712,DraftKings,-1.5,51.5
2026-10-08 12:46:48.912652+00:00,401856712,BetRivers,-2.0,51.5
2026-10-08 12:46:48.912652+00:00,401856712,MyBookie.ag,-1.5,51.5
2026-10-08 12:46:48.912652+00:00,401856712,BetOnline.ag,-2.0,51.5
2026-10-08 12:46:48.912652+00:00,401856712,LowVig.ag,-2.0,51.5
2026-10-08 12:46:48.912652+00:00,401856712,BetUS,-2.0,52.0
2026-10-08 12:46:48.912652+00:00,401856712,Bovada,-2.0,51.0
2026-10-08 12:46:48.912652+00:00,401869949,DraftKings,7.5,51.5
2026-10-08 12:46:48.912652+00:00,401869949,FanDuel,7.5,51.5
2026-10-08 12:46:48.912652+00:00,401869949,LowVig.ag,7.5,52.0
2026-10-08 12:46:48.912652+00:00,401869949,BetOnline.ag,7.5,52.0
2026-10-08 12:46:48.912652+00:00,401869949,BetMGM,7.5,52.5
2026-10-08 12:46:48.912652+00:00,401869949,MyBookie.ag,7.5,52.0
2026-10-08 12:46:48.912652+00:00,401869949,BetUS,7.5,52.0
2026-10-08 12:46:48.912652+00:00,401869949,Bovada,7.5,52.0
2026-10-08 12:46:48.912652+00:00,401869949,BetRivers,7.5,51.5
2026-10-08 12:46:48.912652+00:00,401869965,DraftKings,-3.0,47.5
2026-10-08 12:46:48.912652+00:00,401869965,BetOnline.ag,-2.5,47.5
2026-10-08 12:46:48.912652+00:00,401869965,LowVig.ag,-2.5,47.5
2026-10-08 12:46:48.912652+00:00,401869965,FanDuel,-2.5,47.5
2026-10-08 12:46:48.912652+00:00,401869965,BetMGM,-3.0,46.5
2026-10-08 12:46:48.912652+00:00,401869965,MyBookie.ag,-3.0,47.0
2026-10-08 12:46:48.912652+00:00,401869965,Bovada,-3.0,47.5
2026-10-08 12:46:48.912652+00:00,401869965,BetUS,-3.0,47.5
2026-10-08 12:46:48.912652+00:00,401869965,BetRivers,-3.0,46.5
2026-10-08 12:46:48.912652+00:00,401858485,DraftKings,-1.5,54.5
2026-10-08 12:46:48.912652+00:00,401858485,MyBookie.ag,-1.5,54.5
2026-10-08 12:46:48.912652+00:00,401858485,BetRivers,-1.5,55.0
2026-10-08 12:46:48.912652+00:00,401858485,FanDuel,-1.5,54.5
2026-10-08 12:46:48.912652+00:00,401858485,LowVig.ag,-1.5,55.0
2026-10-08 12:46:48.912652+00:00,401858485,BetOnline.ag,-1.5,55.0
2026-10-08 12:46:48.912652+00:00,401858485,BetMGM,-1.5,54.5
2026-10-08 12:46:48.912652+00:00,401858485,Bovada,-1.5,55.0
2026-10-08 12:46:48.912652+00:00,401858485,BetUS,-1.5,54.5
2026-10-08 12:46:48.912652+00:00,401858258,FanDuel,-9.5,50.5
2026-10-08 12:46:48.912652+00:00,401858258,BetRivers,-9.5,50.0
2026-10-08 12:46:48.912652+00:00,401858258,BetMGM,-9.0,50.5
2026-10-08 12:46:48.912652+00:00,401858258,DraftKings,-9.5,50.5
2026-10-08 12:46:48.912652+00:00,401858258,LowVig.ag,-9.0,50.5
2026-10-08 12:46:48.912652+00:00,401858258,BetOnline.ag,-9.0,50.5
2026-10-08 12:46:48.912652+00:00,401858258,MyBookie.ag,-9.0,50.5
2026-10-08 12:46:48.912652+00:00,401858258,Bovada,-9.5,50.0
2026-10-08 12:46:48.912652+00:00,401858258,BetUS,-9.0,50.5
2026-10-08 12:46:48.912652+00:00,401858486,FanDuel,2.5,50.5
2026-10-08 12:46:48.912652+00:00,401858486,BetRivers,2.5,50.5
2026-10-08 12:46:48.912652+00:00,401858486,BetMGM,2.5,50.5
2026-10-08 12:46:48.912652+00:00,401858486,DraftKings,2.5,50.5
2026-10-08 12:46:48.912652+00:00,401858486,BetOnline.ag,2.0,50.0
2026-10-08 12:46:48.912652+00:00,401858486,LowVig.ag,2.0,50.0
2026-10-08 12:46:48.912652+00:00,401858486,MyBookie.ag,2.5,50.5
2026-10-08 12:46:48.912652+00:00,401858486,Bovada,2.5,50.5
2026-10-08 12:46:48.912652+00:00,401858486,BetUS,2.5,50.0
2026-10-08 12:46:48.912652+00:00,401856827,FanDuel,-15.5,50.5
2026-10-08 12:46:48.912652+00:00,401856827,BetRivers,-15.5,51.0
2026-10-08 12:46:48.912652+00:00,401856827,BetMGM,-16.0,51.5
2026-10-08 12:46:48.912652+00:00,401856827,DraftKings,-15.5,51.5
2026-10-08 12:46:48.912652+00:00,401856827,BetOnline.ag,-15.5,50.0
2026-10-08 12:46:48.912652+00:00,401856827,MyBookie.ag,-15.5,51.0
2026-10-08 12:46:48.912652+00:00,401856827,BetUS,-15.5,50.5
2026-10-08 12:46:48.912652+00:00,401856827,Bovada,-16.0,51.0
2026-10-08 12:46:48.912652+00:00,401856808,FanDuel,-20.5,49.5
2026-10-08 12:46:48.912652+00:00,401856808,BetRivers,-21.0,50.5
2026-10-08 12:46:48.912652+00:00,401856808,BetMGM,-21.0,50.5
2026-10-08 12:46:48.912652+00:00,401856808,LowVig.ag,-20.5,50.0
2026-10-08 12:46:48.912652+00:00,401856808,BetOnline.ag,-20.5,50.0
2026-10-08 12:46:48.912652+00:00,401856808,DraftKings,-20.5,50.5
2026-10-08 12:46:48.912652+00:00,401856808,MyBookie.ag,-21.0,50.0
2026-10-08 12:46:48.912652+00:00,401856808,BetUS,-20.5,50.0
2026-10-08 12:46:48.912652+00:00,401856808,Bovada,-21.0,50.5
2026-10-08 12:46:48.912652+00:00,401860901,FanDuel,6.5,48.5
2026-10-08 12:46:48.912652+00:00,401860901,BetRivers,6.0,48.5
2026-10-08 12:46:48.912652+00:00,401860901,BetMGM,6.5,48.5
2026-10-08 12:46:48.912652+00:00,401860901,LowVig.ag,6.5,48.5
2026-10-08 12:46:48.912652+00:00,401860901,BetOnline.ag,6.5,48.5
2026-10-08 12:46:48.912652+00:00,401860901,DraftKings,6.5,48.5
2026-10-08 12:46:48.912652+00:00,401860901,MyBookie.ag,6.5,48.5
2026-10-08 12:46:48.912652+00:00,401860901,BetUS,6.5,48.5
2026-10-08 12:46:48.912652+00:00,401860901,Bovada,6.5,48.0
2026-10-08 12:46:48.912652+00:00,401856724,FanDuel,-9.5,54.5
2026-10-08 12:46:48.912652+00:00,401856724,DraftKings,-9.5,53.5
2026-10-08 12:46:48.912652+00:00,401858488,FanDuel,3.5,49.5
2026-10-08 12:46:48.912652+00:00,401858488,DraftKings,2.5,48.5
2026-10-08 12:46:48.912652+00:00,401856830,DraftKings,-9.5,55.5
2026-10-08 12:46:48.912652+00:00,401856720,FanDuel,-11.5,59.5
2026-10-08 12:46:48.912652+00:00,401856720,DraftKings,-12.5,59.5
2026-10-08 12:46:48.912652+00:00,401858490,DraftKings,-5.5,43.5
2026-10-08 12:46:48.912652+00:00,401858492,DraftKings,-12.5,58.5
2026-10-08 12:46:48.912652+00:00,401858494,DraftKings,-3.0,49.5
2026-10-08 12:46:48.912652+00:00,401856723,DraftKings,4.5,56.5
2026-10-08 12:46:48.912652+00:00,401856723,FanDuel,5.5,56.5
2026-10-08 12:46:48.912652+00:00,401856719,DraftKings,-18.5,49.5
2026-10-08 12:46:48.912652+00:00,401856719,FanDuel,-18.5,51.5
2026-10-08 12:46:48.912652+00:00,401858266,DraftKings,-4.5,47.5
2026-10-08 12:46:48.912652+00:00,401856721,FanDuel,-7.5,58.5
2026-10-08 12:46:48.912652+00:00,401856721,DraftKings,-6.0,57.5
2026-10-08 12:46:48.912652+00:00,401858263,DraftKings,-19.5,55.5
2026-10-08 12:46:48.912652+00:00,401858263,FanDuel,-19.5,54.5
2026-10-08 12:46:48.912652+00:00,401856809,DraftKings,12.5,48.5
2026-10-08 12:46:48.912652+00:00,401856809,FanDuel,12.5,48.5
2026-10-08 12:46:48.912652+00:00,401856831,FanDuel,-2.5,57.5
2026-10-08 12:46:48.912652+00:00,401856831,DraftKings,-3.5,57.5
2026-10-08 12:46:48.912652+00:00,401856722,DraftKings,-6.5,41.5
2026-10-08 13:29:54.164945+00:00,401870766,FanDuel,-13.5,52.5
2026-10-08 13:29:54.164945+00:00,401870766,BetRivers,-13.5,52.5
2026-10-08 13:29:54.164945+00:00,401870766,DraftKings,-13.5,52.5
2026-10-08 13:29:54.164945+00:00,401870766,BetMGM,-14.0,52.5
2026-10-08 13:29:54.164945+00:00,401870766,BetOnline.ag,-13.5,52.5
2026-10-08 13:29:54.164945+00:00,401870766,LowVig.ag,-13.5,52.5
2026-10-08 13:29:54.164945+00:00,401870766,MyBookie.ag,-13.5,52.5
2026-10-08 13:29:54.164945+00:00,401870766,Bovada,-13.5,52.5
2026-10-08 13:29:54.164945+00:00,401870766,BetUS,-13.5,52.5
2026-10-08 13:29:54.164945+00:00,401871052,FanDuel,-1.5,56.5
2026-10-08 13:29:54.164945+00:00,401871052,BetRivers,-1.5,56.5
2026-10-08 13:29:54.164945+00:00,401871052,DraftKings,-1.5,56.5
2026-10-08 13:29:54.164945+00:00,401871052,BetOnline.ag,-1.0,56.5
2026-10-08 13:29:54.164945+00:00,401871052,LowVig.ag,-1.0,56.5
2026-10-08 13:29:54.164945+00:00,401871052,MyBookie.ag,-1.5,56.5
2026-10-08 13:29:54.164945+00:00,401871052,Bovada,-1.5,56.5
2026-10-08 13:29:54.164945+00:00,401871052,BetUS,-1.5,56.5
2026-10-08 13:29:54.164945+00:00,401871052,BetMGM,-1.0,56.5
2026-10-08 13:29:54.164945+00:00,401869933,FanDuel,-2.5,59.5
2026-10-08 13:29:54.164945+00:00,401869933,BetRivers,-2.5,60.5
2026-10-08 13:29:54.164945+00:00,401869933,DraftKings,-3.0,60.5
2026-10-08 13:29:54.164945+00:00,401869933,LowVig.ag,-3.0,60.5
2026-10-08 13:29:54.164945+00:00,401869933,BetOnline.ag,-3.0,60.5
2026-10-08 13:29:54.164945+00:00,401869933,BetMGM,-3.0,59.5
2026-10-08 13:29:54.164945+00:00,401869933,MyBookie.ag,-3.0,60.0
2026-10-08 13:29:54.164945+00:00,401869933,Bovada,-2.5,60.5
2026-10-08 13:29:54.164945+00:00,401869933,BetUS,-3.0,60.5
2026-10-08 13:29:54.164945+00:00,401862794,FanDuel,-6.5,50.5
2026-10-08 13:29:54.164945+00:00,401862794,BetRivers,-7.0,50.5
2026-10-08 13:29:54.164945+00:00,401862794,BetMGM,-6.5,49.5
2026-10-08 13:29:54.164945+00:00,401862794,DraftKings,-7.0,49.5
2026-10-08 13:29:54.164945+00:00,401862794,LowVig.ag,-7.0,50.0
2026-10-08 13:29:54.164945+00:00,401862794,BetOnline.ag,-7.0,50.0
2026-10-08 13:29:54.164945+00:00,401862794,MyBookie.ag,-7.0,50.0
2026-10-08 13:29:54.164945+00:00,401862794,Bovada,-6.5,50.0
2026-10-08 13:29:54.164945+00:00,401862794,BetUS,-7.0,50.0
2026-10-08 13:29:54.164945+00:00,401858254,DraftKings,-3.5,59.5
2026-10-08 13:29:54.164945+00:00,401858254,FanDuel,-3.5,59.5
2026-10-08 13:29:54.164945+00:00,401858254,BetRivers,-3.5,59.0
2026-10-08 13:29:54.164945+00:00,401858254,BetMGM,-3.5,59.5
2026-10-08 13:29:54.164945+00:00,401858254,BetOnline.ag,-3.5,59.0
2026-10-08 13:29:54.164945+00:00,401858254,LowVig.ag,-3.5,59.0
2026-10-08 13:29:54.164945+00:00,401858254,MyBookie.ag,-3.5,59.0
2026-10-08 13:29:54.164945+00:00,401858254,Bovada,-3.5,59.0
2026-10-08 13:29:54.164945+00:00,401858254,BetUS,-3.5,59.0
2026-10-08 13:29:54.164945+00:00,401858487,DraftKings,-3.0,41.5
2026-10-08 13:29:54.164945+00:00,401858487,BetRivers,-3.0,41.5
2026-10-08 13:29:54.164945+00:00,401858487,MyBookie.ag,-3.0,41.5
2026-10-08 13:29:54.164945+00:00,401858487,FanDuel,-3.5,41.5
2026-10-08 13:29:54.164945+00:00,401858487,BetMGM,-3.0,41.5
2026-10-08 13:29:54.164945+00:00,401858487,LowVig.ag,-3.0,41.0
2026-10-08 13:29:54.164945+00:00,401858487,BetOnline.ag,-3.5,41.0
2026-10-08 13:29:54.164945+00:00,401858487,Bovada,-3.0,42.0
2026-10-08 13:29:54.164945+00:00,401858487,BetUS,-3.0,41.0
2026-10-08 13:29:54.164945+00:00,401864519,FanDuel,-5.5,42.5
2026-10-08 13:29:54.164945+00:00,401864519,DraftKings,-6.0,42.5
2026-10-08 13:29:54.164945+00:00,401864519,BetRivers,-6.5,42.5
2026-10-08 13:29:54.164945+00:00,401864519,LowVig.ag,-6.5,42.5
2026-10-08 13:29:54.164945+00:00,401864519,BetOnline.ag,-6.5,42.5
2026-10-08 13:29:54.164945+00:00,401864519,BetMGM,-6.0,42.5
2026-10-08 13:29:54.164945+00:00,401864519,MyBookie.ag,-6.0,42.5
2026-10-08 13:29:54.164945+00:00,401864519,Bovada,-6.0,42.5
2026-10-08 13:29:54.164945+00:00,401864519,BetUS,-6.0,42.5
2026-10-08 13:29:54.164945+00:00,401860922,FanDuel,-5.5,43.5
2026-10-08 13:29:54.164945+00:00,401860922,BetRivers,-5.5,43.5
2026-10-08 13:29:54.164945+00:00,401860922,BetMGM,-5.5,43.5
2026-10-08 13:29:54.164945+00:00,401860922,DraftKings,-5.5,44.5
2026-10-08 13:29:54.164945+00:00,401860922,BetOnline.ag,-5.5,44.0
2026-10-08 13:29:54.164945+00:00,401860922,LowVig.ag,-5.5,44.0
2026-10-08 13:29:54.164945+00:00,401860922,MyBookie.ag,-5.5,44.0
2026-10-08 13:29:54.164945+00:00,401860922,Bovada,-5.5,44.0
2026-10-08 13:29:54.164945+00:00,401860922,BetUS,-5.5,44.0
2026-10-08 13:29:54.164945+00:00,401856826,DraftKings,-10.5,45.5
2026-10-08 13:29:54.164945+00:00,401856826,BetRivers,-10.5,46.5
2026-10-08 13:29:54.164945+00:00,401856826,MyBookie.ag,-10.0,46.0
2026-10-08 13:29:54.164945+00:00,401856826,FanDuel,-9.5,46.5
2026-10-08 13:29:54.164945+00:00,401856826,BetMGM,-10.0,45.5
2026-10-08 13:29:54.164945+00:00,401856826,LowVig.ag,-10.0,46.5
2026-10-08 13:29:54.164945+00:00,401856826,BetOnline.ag,-10.0,46.5
2026-10-08 13:29:54.164945+00:00,401856826,Bovada,-10.0,46.0
2026-10-08 13:29:54.164945+00:00,401856826,BetUS,-10.0,46.0
2026-10-08 13:29:54.164945+00:00,401856823,FanDuel,3.5,62.5
2026-10-08 13:29:54.164945+00:00,401856823,BetRivers,3.0,61.0
2026-10-08 13:29:54.164945+00:00,401856823,BetMGM,3.0,61.5
2026-10-08 13:29:54.164945+00:00,401856823,DraftKings,3.0,61.5
2026-10-08 13:29:54.164945+00:00,401856823,LowVig.ag,3.0,61.5
2026-10-08 13:29:54.164945+00:00,401856823,BetOnline.ag,3.0,61.5
2026-10-08 13:29:54.164945+00:00,401856823,MyBookie.ag,3.0,61.5
2026-10-08 13:29:54.164945+00:00,401856823,Bovada,3.0,61.5
2026-10-08 13:29:54.164945+00:00,401856823,BetUS,3.5,61.5
2026-10-08 13:29:54.164945+00:00,401862795,DraftKings,-3.0,48.5
2026-10-08 13:29:54.164945+00:00,401862795,BetOnline.ag,-3.0,48.0
2026-10-08 13:29:54.164945+00:00,401862795,LowVig.ag,-3.0,48.0
2026-10-08 13:29:54.164945+00:00,401862795,FanDuel,-3.5,47.5
2026-10-08 13:29:54.164945+00:00,401862795,BetRivers,-3.5,47.5
2026-10-08 13:29:54.164945+00:00,401862795,BetMGM,-3.0,48.5
2026-10-08 13:29:54.164945+00:00,401862795,MyBookie.ag,-3.5,48.0
2026-10-08 13:29:54.164945+00:00,401862795,Bovada,-3.0,48.5
2026-10-08 13:29:54.164945+00:00,401862795,BetUS,-3.0,48.0
2026-10-08 13:29:54.164945+00:00,401866436,DraftKings,-7.5,43.5
2026-10-08 13:29:54.164945+00:00,401866436,FanDuel,-7.5,44.5
2026-10-08 13:29:54.164945+00:00,401866436,BetRivers,-7.5,44.5
2026-10-08 13:29:54.164945+00:00,401866436,LowVig.ag,-7.0,44.0
2026-10-08 13:29:54.164945+00:00,401866436,BetOnline.ag,-7.0,44.0
2026-10-08 13:29:54.164945+00:00,401866436,BetMGM,-7.5,43.5
2026-10-08 13:29:54.164945+00:00,401866436,MyBookie.ag,-7.5,44.0
2026-10-08 13:29:54.164945+00:00,401866436,Bovada,-7.5,43.5
2026-10-08 13:29:54.164945+00:00,401866436,BetUS,-8.5,44.0
2026-10-08 13:29:54.164945+00:00,401858481,FanDuel,7.5,48.5
2026-10-08 13:29:54.164945+00:00,401858481,DraftKings,7.5,48.5
2026-10-08 13:29:54.164945+00:00,401858481,BetRivers,7.5,48.5
2026-10-08 13:29:54.164945+00:00,401858481,MyBookie.ag,7.5,48.5
2026-10-08 13:29:54.164945+00:00,401858481,BetMGM,7.5,48.5
2026-10-08 13:29:54.164945+00:00,401858481,LowVig.ag,7.0,48.5
2026-10-08 13:29:54.164945+00:00,401858481,BetOnline.ag,7.0,48.5
2026-10-08 13:29:54.164945+00:00,401858481,Bovada,7.5,48.0
2026-10-08 13:29:54.164945+00:00,401858481,BetUS,7.5,48.5
2026-10-08 13:29:54.164945+00:00,401856716,DraftKings,-3.5,48.5
2026-10-08 13:29:54.164945+00:00,401856716,BetRivers,-3.0,48.5
2026-10-08 13:29:54.164945+00:00,401856716,MyBookie.ag,-3.5,48.0
2026-10-08 13:29:54.164945+00:00,401856716,FanDuel,-3.5,48.5
2026-10-08 13:29:54.164945+00:00,401856716,BetMGM,-3.5,48.5
2026-10-08 13:29:54.164945+00:00,401856716,BetOnline.ag,-3.5,48.0
2026-10-08 13:29:54.164945+00:00,401856716,LowVig.ag,-3.5,48.0
2026-10-08 13:29:54.164945+00:00,401856716,BetUS,-3.5,48.5
2026-10-08 13:29:54.164945+00:00,401856716,Bovada,-3.5,48.5
2026-10-08 13:29:54.164945+00:00,401858260,FanDuel,3.5,59.5
2026-10-08 13:29:54.164945+00:00,401858260,BetRivers,3.5,59.5
2026-10-08 13:29:54.164945+00:00,401858260,BetMGM,3.5,59.5
2026-10-08 13:29:54.164945+00:00,401858260,DraftKings,3.5,59.5
2026-10-08 13:29:54.164945+00:00,401858260,LowVig.ag,3.5,60.0
2026-10-08 13:29:54.164945+00:00,401858260,BetOnline.ag,3.5,60.0
2026-10-08 13:29:54.164945+00:00,401858260,MyBookie.ag,3.5,59.5
2026-10-08 13:29:54.164945+00:00,401858260,Bovada,3.5,59.5
2026-10-08 13:29:54.164945+00:00,401858260,BetUS,3.5,60.0
2026-10-08 13:29:54.164945+00:00,401858256,FanDuel,-3.5,47.5
2026-10-08 13:29:54.164945+00:00,401858256,BetRivers,-4.0,47.0
2026-10-08 13:29:54.164945+00:00,401858256,BetMGM,-4.0,46.5
2026-10-08 13:29:54.164945+00:00,401858256,BetOnline.ag,-4.0,47.0
2026-10-08 13:29:54.164945+00:00,401858256,LowVig.ag,-3.5,47.0
2026-10-08 13:29:54.164945+00:00,401858256,DraftKings,-4.0,47.5
2026-10-08 13:29:54.164945+00:00,401858256,MyBookie.ag,-4.0,47.0
2026-10-08 13:29:54.164945+00:00,401858256,Bovada,-4.0,47.0
2026-10-08 13:29:54.164945+00:00,401858256,BetUS,-4.0,47.0
2026-10-08 13:29:54.164945+00:00,401856824,FanDuel,-10.5,53.5
2026-10-08 13:29:54.164945+00:00,401856824,BetRivers,-10.5,53.5
2026-10-08 13:29:54.164945+00:00,401856824,BetMGM,-11.5,53.5
2026-10-08 13:29:54.164945+00:00,401856824,DraftKings,-10.5,53.5
2026-10-08 13:29:54.164945+00:00,401856824,LowVig.ag,-10.5,53.0
2026-10-08 13:29:54.164945+00:00,401856824,BetOnline.ag,-10.5,53.0
2026-10-08 13:29:54.164945+00:00,401856824,MyBookie.ag,-11.5,53.0
2026-10-08 13:29:54.164945+00:00,401856824,Bovada,-11.0,53.5
2026-10-08 13:29:54.164945+00:00,401856824,BetUS,-11.0,53.5
2026-10-08 13:29:54.164945+00:00,401858482,FanDuel,-36.5,52.5
2026-10-08 13:29:54.164945+00:00,401858482,BetRivers,-37.5,53.5
2026-10-08 13:29:54.164945+00:00,401858482,BetMGM,-37.5,52.5
2026-10-08 13:29:54.164945+00:00,401858482,DraftKings,-37.5,52.5
2026-10-08 13:29:54.164945+00:00,401858482,BetOnline.ag,-37.0,52.5
2026-10-08 13:29:54.164945+00:00,401858482,LowVig.ag,-37.0,52.5
2026-10-08 13:29:54.164945+00:00,401858482,BetUS,-37.0,52.5
2026-10-08 13:29:54.164945+00:00,401858482,Bovada,-37.0,52.5
2026-10-08 13:29:54.164945+00:00,401856714,DraftKings,-11.5,59.5
2026-10-08 13:29:54.164945+00:00,401856714,BetRivers,-12.5,60.0
2026-10-08 13:29:54.164945+00:00,401856714,MyBookie.ag,-11.5,59.5
2026-10-08 13:29:54.164945+00:00,401856714,FanDuel,-12.5,60.5
2026-10-08 13:29:54.164945+00:00,401856714,BetMGM,-11.5,59.5
2026-10-08 13:29:54.164945+00:00,401856714,LowVig.ag,-11.5,60.0
2026-10-08 13:29:54.164945+00:00,401856714,BetOnline.ag,-11.5,60.0
2026-10-08 13:29:54.164945+00:00,401856714,Bovada,-11.0,59.5
2026-10-08 13:29:54.164945+00:00,401856714,BetUS,-11.5,60.0
2026-10-08 13:29:54.164945+00:00,401869843,DraftKings,-9.5,48.5
2026-10-08 13:29:54.164945+00:00,401869843,FanDuel,-9.5,48.5
2026-10-08 13:29:54.164945+00:00,401869843,LowVig.ag,-9.5,48.5
2026-10-08 13:29:54.164945+00:00,401869843,BetOnline.ag,-9.5,48.5
2026-10-08 13:29:54.164945+00:00,401869843,BetRivers,-9.5,49.5
2026-10-08 13:29:54.164945+00:00,401869843,BetMGM,-10.0,48.5
2026-10-08 13:29:54.164945+00:00,401869843,MyBookie.ag,-9.5,48.5
2026-10-08 13:29:54.164945+00:00,401869843,Bovada,-9.0,48.5
2026-10-08 13:29:54.164945+00:00,401869843,BetUS,-10.0,48.5
2026-10-08 13:29:54.164945+00:00,401866435,DraftKings,6.5,51.5
2026-10-08 13:29:54.164945+00:00,401866435,FanDuel,6.5,52.5
2026-10-08 13:29:54.164945+00:00,401866435,LowVig.ag,7.0,52.0
2026-10-08 13:29:54.164945+00:00,401866435,BetOnline.ag,7.0,52.0
2026-10-08 13:29:54.164945+00:00,401866435,BetRivers,7.0,51.5
2026-10-08 13:29:54.164945+00:00,401866435,BetMGM,6.5,51.5
2026-10-08 13:29:54.164945+00:00,401866435,MyBookie.ag,7.0,52.0
2026-10-08 13:29:54.164945+00:00,401866435,Bovada,6.5,51.5
2026-10-08 13:29:54.164945+00:00,401866435,BetUS,7.0,52.0
2026-10-08 13:29:54.164945+00:00,401866437,DraftKings,-21.0,54.5
2026-10-08 13:29:54.164945+00:00,401866437,FanDuel,-20.5,54.5
2026-10-08 13:29:54.164945+00:00,401866437,LowVig.ag,-20.5,54.5
2026-10-08 13:29:54.164945+00:00,401866437,BetOnline.ag,-20.5,54.5
2026-10-08 13:29:54.164945+00:00,401866437,BetRivers,-21.0,54.5
2026-10-08 13:29:54.164945+00:00,401866437,BetMGM,-21.5,54.5
2026-10-08 13:29:54.164945+00:00,401866437,MyBookie.ag,-21.0,55.0
2026-10-08 13:29:54.164945+00:00,401866437,Bovada,-21.0,55.0
2026-10-08 13:29:54.164945+00:00,401866437,BetUS,-21.0,55.0
2026-10-08 13:29:54.164945+00:00,401858259,FanDuel,9.5,53.5
2026-10-08 13:29:54.164945+00:00,401858259,BetRivers,10.0,54.0
2026-10-08 13:29:54.164945+00:00,401858259,BetMGM,10.0,53.5
2026-10-08 13:29:54.164945+00:00,401858259,DraftKings,10.0,53.5
2026-10-08 13:29:54.164945+00:00,401858259,LowVig.ag,9.5,53.0
2026-10-08 13:29:54.164945+00:00,401858259,BetOnline.ag,9.5,53.0
2026-10-08 13:29:54.164945+00:00,401858259,MyBookie.ag,10.0,53.0
2026-10-08 13:29:54.164945+00:00,401858259,BetUS,9.5,53.0
2026-10-08 13:29:54.164945+00:00,401858259,Bovada,10.0,53.5
2026-10-08 13:29:54.164945+00:00,401866438,DraftKings,-3.0,46.5
2026-10-08 13:29:54.164945+00:00,401866438,FanDuel,-2.5,46.5
2026-10-08 13:29:54.164945+00:00,401866438,LowVig.ag,-3.0,46.0
2026-10-08 13:29:54.164945+00:00,401866438,BetOnline.ag,-3.0,46.0
2026-10-08 13:29:54.164945+00:00,401866438,BetRivers,-3.0,46.5
2026-10-08 13:29:54.164945+00:00,401866438,BetMGM,-2.5,45.5
2026-10-08 13:29:54.164945+00:00,401866438,MyBookie.ag,-3.0,46.0
2026-10-08 13:29:54.164945+00:00,401866438,Bovada,-3.0,46.0
2026-10-08 13:29:54.164945+00:00,401866438,BetUS,-3.0,46.0
2026-10-08 13:29:54.164945+00:00,401862796,DraftKings,-28.5,57.5
2026-10-08 13:29:54.164945+00:00,401862796,FanDuel,-28.5,57.5
2026-10-08 13:29:54.164945+00:00,401862796,BetOnline.ag,-28.5,57.5
2026-10-08 13:29:54.164945+00:00,401862796,LowVig.ag,-28.5,57.5
2026-10-08 13:29:54.164945+00:00,401862796,BetRivers,-28.5,57.5
2026-10-08 13:29:54.164945+00:00,401862796,BetMGM,-29.0,57.5
2026-10-08 13:29:54.164945+00:00,401862796,MyBookie.ag,-28.5,58.0
2026-10-08 13:29:54.164945+00:00,401862796,BetUS,-28.5,58.0
2026-10-08 13:29:54.164945+00:00,401862796,Bovada,-28.0,58.0
2026-10-08 13:29:54.164945+00:00,401858255,FanDuel,6.5,44.5
2026-10-08 13:29:54.164945+00:00,401858255,BetRivers,6.5,44.0
2026-10-08 13:29:54.164945+00:00,401858255,BetMGM,6.5,43.5
2026-10-08 13:29:54.164945+00:00,401858255,DraftKings,6.5,43.5
2026-10-08 13:29:54.164945+00:00,401858255,BetOnline.ag,6.5,43.5
2026-10-08 13:29:54.164945+00:00,401858255,LowVig.ag,6.5,43.5
2026-10-08 13:29:54.164945+00:00,401858255,MyBookie.ag,7.0,44.0
2026-10-08 13:29:54.164945+00:00,401858255,Bovada,6.5,43.5
2026-10-08 13:29:54.164945+00:00,401858255,BetUS,7.0,44.0
2026-10-08 13:29:54.164945+00:00,401856825,FanDuel,-2.5,55.5
2026-10-08 13:29:54.164945+00:00,401856825,BetRivers,-2.5,55.0
2026-10-08 13:29:54.164945+00:00,401856825,BetMGM,-2.5,55.5
2026-10-08 13:29:54.164945+00:00,401856825,DraftKings,-2.5,55.5
2026-10-08 13:29:54.164945+00:00,401856825,LowVig.ag,-2.5,55.0
2026-10-08 13:29:54.164945+00:00,401856825,BetOnline.ag,-2.5,55.0
2026-10-08 13:29:54.164945+00:00,401856825,MyBookie.ag,-2.5,55.5
2026-10-08 13:29:54.164945+00:00,401856825,BetUS,-2.5,55.5
2026-10-08 13:29:54.164945+00:00,401856825,Bovada,-2.5,55.0
2026-10-08 13:29:54.164945+00:00,401858480,FanDuel,2.5,48.5
2026-10-08 13:29:54.164945+00:00,401858480,BetRivers,2.5,47.5
2026-10-08 13:29:54.164945+00:00,401858480,BetMGM,2.5,47.5
2026-10-08 13:29:54.164945+00:00,401858480,DraftKings,2.5,47.5
2026-10-08 13:29:54.164945+00:00,401858480,BetOnline.ag,2.5,48.0
2026-10-08 13:29:54.164945+00:00,401858480,LowVig.ag,2.5,48.0
2026-10-08 13:29:54.164945+00:00,401858480,MyBookie.ag,2.5,48.0
2026-10-08 13:29:54.164945+00:00,401858480,Bovada,2.5,48.0
2026-10-08 13:29:54.164945+00:00,401858480,BetUS,2.5,48.0
2026-10-08 13:29:54.164945+00:00,401866439,DraftKings,-13.5,43.5
2026-10-08 13:29:54.164945+00:00,401866439,LowVig.ag,-13.5,43.5
2026-10-08 13:29:54.164945+00:00,401866439,BetOnline.ag,-13.5,43.5
2026-10-08 13:29:54.164945+00:00,401866439,FanDuel,-13.5,43.5
2026-10-08 13:29:54.164945+00:00,401866439,BetMGM,-13.5,42.5
2026-10-08 13:29:54.164945+00:00,401866439,MyBookie.ag,-14.0,43.5
2026-10-08 13:29:54.164945+00:00,401866439,Bovada,-13.5,43.5
2026-10-08 13:29:54.164945+00:00,401866439,BetUS,-13.5,43.5
2026-10-08 13:29:54.164945+00:00,401866439,BetRivers,-14.0,43.5
2026-10-08 13:29:54.164945+00:00,401862799,FanDuel,-2.5,48.5
2026-10-08 13:29:54.164945+00:00,401862799,BetRivers,-2.5,48.5
2026-10-08 13:29:54.164945+00:00,401862799,BetMGM,-2.5,48.5
2026-10-08 13:29:54.164945+00:00,401862799,DraftKings,-2.5,48.5
2026-10-08 13:29:54.164945+00:00,401862799,LowVig.ag,-2.5,48.5
2026-10-08 13:29:54.164945+00:00,401862799,BetOnline.ag,-2.5,48.5
2026-10-08 13:29:54.164945+00:00,401862799,MyBookie.ag,-2.5,48.5
2026-10-08 13:29:54.164945+00:00,401862799,BetUS,-2.5,48.5
2026-10-08 13:29:54.164945+00:00,401862799,Bovada,-2.5,49.0
2026-10-08 13:29:54.164945+00:00,401858257,DraftKings,-38.5,54.5
2026-10-08 13:29:54.164945+00:00,401858257,FanDuel,-37.5,54.5
2026-10-08 13:29:54.164945+00:00,401858257,BetRivers,-38.5,54.5
2026-10-08 13:29:54.164945+00:00,401858257,BetMGM,-38.5,54.5
2026-10-08 13:29:54.164945+00:00,401858257,BetOnline.ag,-38.5,54.0
2026-10-08 13:29:54.164945+00:00,401858257,LowVig.ag,-38.5,54.0
2026-10-08 13:29:54.164945+00:00,401858257,BetUS,-38.5,54.0
2026-10-08 13:29:54.164945+00:00,401858257,Bovada,-38.0,54.5
2026-10-08 13:29:54.164945+00:00,401856717,FanDuel,7.5,38.5
2026-10-08 13:29:54.164945+00:00,401856717,BetMGM,7.5,38.5
2026-10-08 13:29:54.164945+00:00,401856717,DraftKings,7.5,39.5
2026-10-08 13:29:54.164945+00:00,401856717,BetRivers,7.5,39.0
2026-10-08 13:29:54.164945+00:00,401856717,MyBookie.ag,7.5,39.5
2026-10-08 13:29:54.164945+00:00,401856717,BetOnline.ag,7.5,39.5
2026-10-08 13:29:54.164945+00:00,401856717,LowVig.ag,7.5,39.5
2026-10-08 13:29:54.164945+00:00,401856717,BetUS,7.5,39.5
2026-10-08 13:29:54.164945+00:00,401856717,Bovada,7.5,39.0
2026-10-08 13:29:54.164945+00:00,401856718,FanDuel,10.5,55.5
2026-10-08 13:29:54.164945+00:00,401856718,DraftKings,9.5,55.5
2026-10-08 13:29:54.164945+00:00,401856718,BetRivers,10.0,55.5
2026-10-08 13:29:54.164945+00:00,401856718,BetOnline.ag,9.5,56.0
2026-10-08 13:29:54.164945+00:00,401856718,BetMGM,9.5,55.5
2026-10-08 13:29:54.164945+00:00,401856718,MyBookie.ag,9.5,55.5
2026-10-08 13:29:54.164945+00:00,401856718,BetUS,9.5,56.0
2026-10-08 13:29:54.164945+00:00,401856718,Bovada,9.0,55.0
2026-10-08 13:29:54.164945+00:00,401858484,FanDuel,-11.5,58.5
2026-10-08 13:29:54.164945+00:00,401858484,DraftKings,-11.5,58.5
2026-10-08 13:29:54.164945+00:00,401858484,BetRivers,-11.5,58.5
2026-10-08 13:29:54.164945+00:00,401858484,MyBookie.ag,-11.5,58.5
2026-10-08 13:29:54.164945+00:00,401858484,BetMGM,-12.5,59.5
2026-10-08 13:29:54.164945+00:00,401858484,BetOnline.ag,-11.0,58.5
2026-10-08 13:29:54.164945+00:00,401858484,LowVig.ag,-11.0,58.5
2026-10-08 13:29:54.164945+00:00,401858484,BetUS,-11.5,58.5
2026-10-08 13:29:54.164945+00:00,401858484,Bovada,-11.5,59.0
2026-10-08 13:29:54.164945+00:00,401861964,FanDuel,-3.5,54.5
2026-10-08 13:29:54.164945+00:00,401861964,LowVig.ag,-4.0,55.0
2026-10-08 13:29:54.164945+00:00,401861964,BetOnline.ag,-3.5,55.0
2026-10-08 13:29:54.164945+00:00,401861964,DraftKings,-3.5,54.5
2026-10-08 13:29:54.164945+00:00,401861964,BetMGM,-3.5,55.5
2026-10-08 13:29:54.164945+00:00,401861964,MyBookie.ag,-3.5,55.0
2026-10-08 13:29:54.164945+00:00,401861964,Bovada,-3.5,54.5
2026-10-08 13:29:54.164945+00:00,401861964,BetUS,-3.5,54.5
2026-10-08 13:29:54.164945+00:00,401861964,BetRivers,-4.5,53.5
2026-10-08 13:29:54.164945+00:00,401862797,DraftKings,-10.0,47.5
2026-10-08 13:29:54.164945+00:00,401862797,LowVig.ag,-10.0,47.0
2026-10-08 13:29:54.164945+00:00,401862797,BetOnline.ag,-10.0,47.0
2026-10-08 13:29:54.164945+00:00,401862797,FanDuel,-9.5,47.5
2026-10-08 13:29:54.164945+00:00,401862797,BetMGM,-9.5,47.5
2026-10-08 13:29:54.164945+00:00,401862797,MyBookie.ag,-10.0,47.0
2026-10-08 13:29:54.164945+00:00,401862797,Bovada,-10.0,47.5
2026-10-08 13:29:54.164945+00:00,401862797,BetUS,-10.0,47.0
2026-10-08 13:29:54.164945+00:00,401862797,BetRivers,-10.5,47.5
2026-10-08 13:29:54.164945+00:00,401856713,FanDuel,13.5,51.5
2026-10-08 13:29:54.164945+00:00,401856713,BetRivers,13.5,51.0
2026-10-08 13:29:54.164945+00:00,401856713,BetMGM,13.5,51.5
2026-10-08 13:29:54.164945+00:00,401856713,DraftKings,13.5,51.5
2026-10-08 13:29:54.164945+00:00,401856713,LowVig.ag,13.5,51.0
2026-10-08 13:29:54.164945+00:00,401856713,BetOnline.ag,13.5,51.0
2026-10-08 13:29:54.164945+00:00,401856713,MyBookie.ag,13.5,51.0
2026-10-08 13:29:54.164945+00:00,401856713,BetUS,13.5,51.0
2026-10-08 13:29:54.164945+00:00,401856713,Bovada,13.5,51.5
2026-10-08 13:29:54.164945+00:00,401858483,DraftKings,-34.5,56.5
2026-10-08 13:29:54.164945+00:00,401858483,FanDuel,-34.5,57.5
2026-10-08 13:29:54.164945+00:00,401858483,BetRivers,-34.5,56.5
2026-10-08 13:29:54.164945+00:00,401858483,BetMGM,-34.5,56.5
2026-10-08 13:29:54.164945+00:00,401858483,LowVig.ag,-34.0,56.5
2026-10-08 13:29:54.164945+00:00,401858483,BetOnline.ag,-34.0,56.5
2026-10-08 13:29:54.164945+00:00,401858483,Bovada,-34.5,56.0
2026-10-08 13:29:54.164945+00:00,401858483,BetUS,-34.0,56.5
2026-10-08 13:29:54.164945+00:00,401860902,FanDuel,-14.5,53.5
2026-10-08 13:29:54.164945+00:00,401860902,BetRivers,-15.0,53.5
2026-10-08 13:29:54.164945+00:00,401860902,BetMGM,-16.5,53.5
2026-10-08 13:29:54.164945+00:00,401860902,LowVig.ag,-14.5,53.5
2026-10-08 13:29:54.164945+00:00,401860902,BetOnline.ag,-14.5,53.5
2026-10-08 13:29:54.164945+00:00,401860902,DraftKings,-15.5,53.5
2026-10-08 13:29:54.164945+00:00,401860902,MyBookie.ag,-15.5,53.5
2026-10-08 13:29:54.164945+00:00,401860902,BetUS,-15.0,53.5
2026-10-08 13:29:54.164945+00:00,401860902,Bovada,-15.5,53.5
2026-10-08 13:29:54.164945+00:00,401869943,DraftKings,-4.0,58.5
2026-10-08 13:29:54.164945+00:00,401869943,FanDuel,-3.5,58.5
2026-10-08 13:29:54.164945+00:00,401869943,LowVig.ag,-4.0,57.0
2026-10-08 13:29:54.164945+00:00,401869943,BetOnline.ag,-4.0,57.0
2026-10-08 13:29:54.164945+00:00,401869943,BetRivers,-3.5,59.5
2026-10-08 13:29:54.164945+00:00,401869943,BetMGM,-3.5,58.5
2026-10-08 13:29:54.164945+00:00,401869943,MyBookie.ag,-3.5,58.5
2026-10-08 13:29:54.164945+00:00,401869943,BetUS,-4.0,58.5
2026-10-08 13:29:54.164945+00:00,401869943,Bovada,-3.5,59.0
2026-10-08 13:29:54.164945+00:00,401856715,DraftKings,8.5,51.5
2026-10-08 13:29:54.164945+00:00,401856715,BetRivers,9.0,52.0
2026-10-08 13:29:54.164945+00:00,401856715,MyBookie.ag,8.5,52.0
2026-10-08 13:29:54.164945+00:00,401856715,FanDuel,8.5,51.5
2026-10-08 13:29:54.164945+00:00,401856715,BetOnline.ag,8.0,51.5
2026-10-08 13:29:54.164945+00:00,401856715,LowVig.ag,8.0,51.5
2026-10-08 13:29:54.164945+00:00,401856715,BetMGM,8.5,52.5
2026-10-08 13:29:54.164945+00:00,401856715,Bovada,8.5,52.0
2026-10-08 13:29:54.164945+00:00,401856715,BetUS,8.5,52.0
2026-10-08 13:29:54.164945+00:00,401862798,DraftKings,-14.0,52.5
2026-10-08 13:29:54.164945+00:00,401862798,FanDuel,-14.5,52.5
2026-10-08 13:29:54.164945+00:00,401862798,BetRivers,-13.5,51.5
2026-10-08 13:29:54.164945+00:00,401862798,LowVig.ag,-14.0,52.5
2026-10-08 13:29:54.164945+00:00,401862798,BetOnline.ag,-14.0,52.5
2026-10-08 13:29:54.164945+00:00,401862798,BetMGM,-14.0,52.5
2026-10-08 13:29:54.164945+00:00,401862798,MyBookie.ag,-14.0,52.5
2026-10-08 13:29:54.164945+00:00,401862798,BetUS,-14.0,52.5
2026-10-08 13:29:54.164945+00:00,401862798,Bovada,-13.5,52.5
2026-10-08 13:29:54.164945+00:00,401864517,DraftKings,10.0,49.5
2026-10-08 13:29:54.164945+00:00,401864517,LowVig.ag,10.0,49.5
2026-10-08 13:29:54.164945+00:00,401864517,BetOnline.ag,10.0,49.5
2026-10-08 13:29:54.164945+00:00,401864517,FanDuel,8.5,49.5
2026-10-08 13:29:54.164945+00:00,401864517,BetMGM,9.0,48.5
2026-10-08 13:29:54.164945+00:00,401864517,MyBookie.ag,10.0,49.0
2026-10-08 13:29:54.164945+00:00,401864517,BetUS,10.0,49.0
2026-10-08 13:29:54.164945+00:00,401864517,Bovada,10.0,49.5
2026-10-08 13:29:54.164945+00:00,401864517,BetRivers,9.5,49.5
2026-10-08 13:29:54.164945+00:00,401864518,FanDuel,3.5,48.5
2026-10-08 13:29:54.164945+00:00,401864518,LowVig.ag,3.0,48.0
2026-10-08 13:29:54.164945+00:00,401864518,BetOnline.ag,3.0,48.0
2026-10-08 13:29:54.164945+00:00,401864518,DraftKings,3.0,47.5
2026-10-08 13:29:54.164945+00:00,401864518,BetMGM,3.5,47.5
2026-10-08 13:29:54.164945+00:00,401864518,MyBookie.ag,3.5,48.0
2026-10-08 13:29:54.164945+00:00,401864518,BetUS,3.0,48.0
2026-10-08 13:29:54.164945+00:00,401864518,Bovada,3.0,48.0
2026-10-08 13:29:54.164945+00:00,401864518,BetRivers,3.5,47.5
2026-10-08 13:29:54.164945+00:00,401864516,FanDuel,7.5,46.5
2026-10-08 13:29:54.164945+00:00,401864516,LowVig.ag,7.5,46.0
2026-10-08 13:29:54.164945+00:00,401864516,DraftKings,7.5,46.5
2026-10-08 13:29:54.164945+00:00,401864516,BetOnline.ag,7.5,46.0
2026-10-08 13:29:54.164945+00:00,401864516,BetMGM,7.5,46.5
2026-10-08 13:29:54.164945+00:00,401864516,MyBookie.ag,7.5,46.5
2026-10-08 13:29:54.164945+00:00,401864516,BetUS,7.5,46.0
2026-10-08 13:29:54.164945+00:00,401864516,Bovada,7.5,47.0
2026-10-08 13:29:54.164945+00:00,401864516,BetRivers,7.5,47.5
2026-10-08 13:29:54.164945+00:00,401856712,FanDuel,-1.5,51.5
2026-10-08 13:29:54.164945+00:00,401856712,BetMGM,-1.5,51.5
2026-10-08 13:29:54.164945+00:00,401856712,DraftKings,-1.5,51.5
2026-10-08 13:29:54.164945+00:00,401856712,BetRivers,-2.0,51.5
2026-10-08 13:29:54.164945+00:00,401856712,MyBookie.ag,-1.5,51.5
2026-10-08 13:29:54.164945+00:00,401856712,BetOnline.ag,-2.0,51.5
2026-10-08 13:29:54.164945+00:00,401856712,LowVig.ag,-2.0,51.5
2026-10-08 13:29:54.164945+00:00,401856712,BetUS,-2.0,51.5
2026-10-08 13:29:54.164945+00:00,401856712,Bovada,-2.0,51.0
2026-10-08 13:29:54.164945+00:00,401869949,DraftKings,7.5,51.5
2026-10-08 13:29:54.164945+00:00,401869949,FanDuel,7.5,51.5
2026-10-08 13:29:54.164945+00:00,401869949,LowVig.ag,7.5,52.0
2026-10-08 13:29:54.164945+00:00,401869949,BetOnline.ag,7.5,52.0
2026-10-08 13:29:54.164945+00:00,401869949,BetMGM,7.5,52.5
2026-10-08 13:29:54.164945+00:00,401869949,MyBookie.ag,7.5,52.0
2026-10-08 13:29:54.164945+00:00,401869949,BetUS,7.5,52.0
2026-10-08 13:29:54.164945+00:00,401869949,Bovada,7.5,52.0
2026-10-08 13:29:54.164945+00:00,401869949,BetRivers,7.5,50.5
2026-10-08 13:29:54.164945+00:00,401869965,DraftKings,-3.0,47.5
2026-10-08 13:29:54.164945+00:00,401869965,BetOnline.ag,-2.5,47.5
2026-10-08 13:29:54.164945+00:00,401869965,LowVig.ag,-2.5,47.5
2026-10-08 13:29:54.164945+00:00,401869965,FanDuel,-2.5,47.5
2026-10-08 13:29:54.164945+00:00,401869965,BetMGM,-3.0,46.5
2026-10-08 13:29:54.164945+00:00,401869965,MyBookie.ag,-3.0,47.0
2026-10-08 13:29:54.164945+00:00,401869965,Bovada,-3.0,47.5
2026-10-08 13:29:54.164945+00:00,401869965,BetUS,-3.0,47.5
2026-10-08 13:29:54.164945+00:00,401869965,BetRivers,-3.0,46.5
2026-10-08 13:29:54.164945+00:00,401858485,DraftKings,-1.5,54.5
2026-10-08 13:29:54.164945+00:00,401858485,MyBookie.ag,-1.5,54.5
2026-10-08 13:29:54.164945+00:00,401858485,BetRivers,-1.5,55.0
2026-10-08 13:29:54.164945+00:00,401858485,FanDuel,-1.5,54.5
2026-10-08 13:29:54.164945+00:00,401858485,LowVig.ag,-1.5,55.0
2026-10-08 13:29:54.164945+00:00,401858485,BetOnline.ag,-1.5,55.0
2026-10-08 13:29:54.164945+00:00,401858485,BetMGM,-1.5,54.5
2026-10-08 13:29:54.164945+00:00,401858485,Bovada,-1.5,55.0
2026-10-08 13:29:54.164945+00:00,401858485,BetUS,-1.5,54.5
2026-10-08 13:29:54.164945+00:00,401858258,FanDuel,-9.5,50.5
2026-10-08 13:29:54.164945+00:00,401858258,BetRivers,-9.5,50.0
2026-10-08 13:29:54.164945+00:00,401858258,BetMGM,-9.0,50.5
2026-10-08 13:29:54.164945+00:00,401858258,DraftKings,-9.5,50.5
2026-10-08 13:29:54.164945+00:00,401858258,LowVig.ag,-9.0,50.5
2026-10-08 13:29:54.164945+00:00,401858258,BetOnline.ag,-9.0,50.5
2026-10-08 13:29:54.164945+00:00,401858258,MyBookie.ag,-9.0,50.5
2026-10-08 13:29:54.164945+00:00,401858258,Bovada,-9.5,50.0
2026-10-08 13:29:54.164945+00:00,401858258,BetUS,-9.0,50.5
2026-10-08 13:29:54.164945+00:00,401858486,FanDuel,2.5,50.5
2026-10-08 13:29:54.164945+00:00,401858486,BetRivers,2.5,50.5
2026-10-08 13:29:54.164945+00:00,401858486,BetMGM,2.5,50.5
2026-10-08 13:29:54.164945+00:00,401858486,DraftKings,2.5,50.5
2026-10-08 13:29:54.164945+00:00,401858486,BetOnline.ag,2.0,50.0
2026-10-08 13:29:54.164945+00:00,401858486,LowVig.ag,2.0,50.0
2026-10-08 13:29:54.164945+00:00,401858486,MyBookie.ag,2.5,50.5
2026-10-08 13:29:54.164945+00:00,401858486,Bovada,2.5,50.5
2026-10-08 13:29:54.164945+00:00,401858486,BetUS,2.5,50.0
2026-10-08 13:29:54.164945+00:00,401856827,FanDuel,-15.5,50.5
2026-10-08 13:29:54.164945+00:00,401856827,BetRivers,-15.5,51.0
2026-10-08 13:29:54.164945+00:00,401856827,BetMGM,-16.0,51.5
2026-10-08 13:29:54.164945+00:00,401856827,DraftKings,-15.5,51.5
2026-10-08 13:29:54.164945+00:00,401856827,BetOnline.ag,-15.5,50.0
2026-10-08 13:29:54.164945+00:00,401856827,MyBookie.ag,-15.5,51.0
2026-10-08 13:29:54.164945+00:00,401856827,BetUS,-15.5,50.5
2026-10-08 13:29:54.164945+00:00,401856827,Bovada,-16.0,51.0
2026-10-08 13:29:54.164945+00:00,401856808,FanDuel,-20.5,49.5
2026-10-08 13:29:54.164945+00:00,401856808,BetRivers,-21.0,50.5
2026-10-08 13:29:54.164945+00:00,401856808,BetMGM,-21.0,50.5
2026-10-08 13:29:54.164945+00:00,401856808,LowVig.ag,-20.5,50.0
2026-10-08 13:29:54.164945+00:00,401856808,BetOnline.ag,-20.5,50.0
2026-10-08 13:29:54.164945+00:00,401856808,DraftKings,-20.5,50.5
2026-10-08 13:29:54.164945+00:00,401856808,MyBookie.ag,-21.0,50.0
2026-10-08 13:29:54.164945+00:00,401856808,BetUS,-20.5,50.0
2026-10-08 13:29:54.164945+00:00,401856808,Bovada,-21.0,50.5
2026-10-08 13:29:54.164945+00:00,401860901,FanDuel,6.5,48.5
2026-10-08 13:29:54.164945+00:00,401860901,BetRivers,6.0,48.5
2026-10-08 13:29:54.164945+00:00,401860901,BetMGM,6.5,48.5
2026-10-08 13:29:54.164945+00:00,401860901,LowVig.ag,6.5,48.5
2026-10-08 13:29:54.164945+00:00,401860901,BetOnline.ag,6.5,48.5
2026-10-08 13:29:54.164945+00:00,401860901,DraftKings,6.5,48.5
2026-10-08 13:29:54.164945+00:00,401860901,MyBookie.ag,6.5,48.5
2026-10-08 13:29:54.164945+00:00,401860901,BetUS,6.5,48.5
2026-10-08 13:29:54.164945+00:00,401860901,Bovada,6.5,48.0
2026-10-08 13:29:54.164945+00:00,401856724,FanDuel,-9.5,54.5
2026-10-08 13:29:54.164945+00:00,401856724,DraftKings,-9.5,53.5
2026-10-08 13:29:54.164945+00:00,401858488,FanDuel,3.5,49.5
2026-10-08 13:29:54.164945+00:00,401858488,DraftKings,2.5,48.5
2026-10-08 13:29:54.164945+00:00,401856830,DraftKings,-9.5,55.5
2026-10-08 13:29:54.164945+00:00,401856720,FanDuel,-11.5,59.5
2026-10-08 13:29:54.164945+00:00,401856720,DraftKings,-12.5,59.5
2026-10-08 13:29:54.164945+00:00,401858490,DraftKings,-5.5,43.5
2026-10-08 13:29:54.164945+00:00,401858492,DraftKings,-12.5,58.5
2026-10-08 13:29:54.164945+00:00,401858494,DraftKings,-3.0,49.5
2026-10-08 13:29:54.164945+00:00,401856723,DraftKings,4.5,56.5
2026-10-08 13:29:54.164945+00:00,401856723,FanDuel,5.5,56.5
2026-10-08 13:29:54.164945+00:00,401856719,DraftKings,-18.5,49.5
2026-10-08 13:29:54.164945+00:00,401856719,FanDuel,-18.5,51.5
2026-10-08 13:29:54.164945+00:00,401858266,DraftKings,-4.5,47.5
2026-10-08 13:29:54.164945+00:00,401856721,FanDuel,-7.5,58.5
2026-10-08 13:29:54.164945+00:00,401856721,DraftKings,-6.0,57.5
2026-10-08 13:29:54.164945+00:00,401858263,DraftKings,-19.5,55.5
2026-10-08 13:29:54.164945+00:00,401858263,FanDuel,-19.5,54.5
2026-10-08 13:29:54.164945+00:00,401856809,DraftKings,12.5,48.5
2026-10-08 13:29:54.164945+00:00,401856809,FanDuel,12.5,48.5
2026-10-08 13:29:54.164945+00:00,401856831,FanDuel,-2.5,57.5
2026-10-08 13:29:54.164945+00:00,401856831,DraftKings,-3.5,57.5
2026-10-08 13:29:54.164945+00:00,401856722,DraftKings,-6.5,41.5
2026-10-08 13:34:33.402072+00:00,401870766,FanDuel,-13.5,52.5
2026-10-08 13:34:33.402072+00:00,401870766,BetRivers,-13.5,52.5
2026-10-08 13:34:33.402072+00:00,401870766,DraftKings,-13.5,52.5
2026-10-08 13:34:33.402072+00:00,401870766,BetMGM,-14.0,52.5
2026-10-08 13:34:33.402072+00:00,401870766,BetOnline.ag,-13.5,52.5
2026-10-08 13:34:33.402072+00:00,401870766,LowVig.ag,-13.5,52.5
2026-10-08 13:34:33.402072+00:00,401870766,MyBookie.ag,-13.5,52.5
2026-10-08 13:34:33.402072+00:00,401870766,Bovada,-13.5,52.5
2026-10-08 13:34:33.402072+00:00,401870766,BetUS,-13.5,52.5
2026-10-08 13:34:33.402072+00:00,401871052,FanDuel,-1.5,56.5
2026-10-08 13:34:33.402072+00:00,401871052,BetRivers,-1.5,56.5
2026-10-08 13:34:33.402072+00:00,401871052,DraftKings,-1.5,56.5
2026-10-08 13:34:33.402072+00:00,401871052,BetOnline.ag,-1.0,56.5
2026-10-08 13:34:33.402072+00:00,401871052,LowVig.ag,-1.0,56.5
2026-10-08 13:34:33.402072+00:00,401871052,MyBookie.ag,-1.5,56.5
2026-10-08 13:34:33.402072+00:00,401871052,Bovada,-1.5,56.5
2026-10-08 13:34:33.402072+00:00,401871052,BetUS,-1.5,56.5
2026-10-08 13:34:33.402072+00:00,401871052,BetMGM,-1.0,56.5
2026-10-08 13:34:33.402072+00:00,401869933,FanDuel,-2.5,59.5
2026-10-08 13:34:33.402072+00:00,401869933,BetRivers,-2.5,60.5
2026-10-08 13:34:33.402072+00:00,401869933,DraftKings,-3.0,60.5
2026-10-08 13:34:33.402072+00:00,401869933,LowVig.ag,-3.0,60.5
2026-10-08 13:34:33.402072+00:00,401869933,BetOnline.ag,-3.0,60.5
2026-10-08 13:34:33.402072+00:00,401869933,BetMGM,-3.0,59.5
2026-10-08 13:34:33.402072+00:00,401869933,MyBookie.ag,-3.0,60.0
2026-10-08 13:34:33.402072+00:00,401869933,Bovada,-2.5,60.5
2026-10-08 13:34:33.402072+00:00,401869933,BetUS,-3.0,60.5
2026-10-08 13:34:33.402072+00:00,401862794,FanDuel,-6.5,50.5
2026-10-08 13:34:33.402072+00:00,401862794,BetRivers,-7.0,50.5
2026-10-08 13:34:33.402072+00:00,401862794,BetMGM,-6.5,50.5
2026-10-08 13:34:33.402072+00:00,401862794,DraftKings,-7.0,50.5
2026-10-08 13:34:33.402072+00:00,401862794,LowVig.ag,-7.0,50.0
2026-10-08 13:34:33.402072+00:00,401862794,BetOnline.ag,-7.0,50.0
2026-10-08 13:34:33.402072+00:00,401862794,MyBookie.ag,-7.0,50.0
2026-10-08 13:34:33.402072+00:00,401862794,Bovada,-6.5,50.0
2026-10-08 13:34:33.402072+00:00,401862794,BetUS,-7.0,50.0
2026-10-08 13:34:33.402072+00:00,401858254,DraftKings,-3.5,59.5
2026-10-08 13:34:33.402072+00:00,401858254,FanDuel,-3.5,59.5
2026-10-08 13:34:33.402072+00:00,401858254,BetRivers,-3.5,59.0
2026-10-08 13:34:33.402072+00:00,401858254,BetMGM,-3.5,59.5
2026-10-08 13:34:33.402072+00:00,401858254,BetOnline.ag,-3.5,59.0
2026-10-08 13:34:33.402072+00:00,401858254,LowVig.ag,-3.5,59.0
2026-10-08 13:34:33.402072+00:00,401858254,MyBookie.ag,-3.5,59.0
2026-10-08 13:34:33.402072+00:00,401858254,Bovada,-3.5,59.0
2026-10-08 13:34:33.402072+00:00,401858254,BetUS,-3.5,59.0
2026-10-08 13:34:33.402072+00:00,401858487,DraftKings,-3.0,41.5
2026-10-08 13:34:33.402072+00:00,401858487,BetRivers,-3.0,41.5
2026-10-08 13:34:33.402072+00:00,401858487,MyBookie.ag,-3.0,41.5
2026-10-08 13:34:33.402072+00:00,401858487,FanDuel,-3.5,41.5
2026-10-08 13:34:33.402072+00:00,401858487,BetMGM,-3.0,41.5
2026-10-08 13:34:33.402072+00:00,401858487,LowVig.ag,-3.0,41.0
2026-10-08 13:34:33.402072+00:00,401858487,BetOnline.ag,-3.5,41.0
2026-10-08 13:34:33.402072+00:00,401858487,Bovada,-3.0,42.0
2026-10-08 13:34:33.402072+00:00,401858487,BetUS,-3.0,41.0
2026-10-08 13:34:33.402072+00:00,401864519,FanDuel,-5.5,42.5
2026-10-08 13:34:33.402072+00:00,401864519,DraftKings,-6.0,42.5
2026-10-08 13:34:33.402072+00:00,401864519,BetRivers,-6.5,42.5
2026-10-08 13:34:33.402072+00:00,401864519,LowVig.ag,-6.5,42.5
2026-10-08 13:34:33.402072+00:00,401864519,BetOnline.ag,-6.5,42.5
2026-10-08 13:34:33.402072+00:00,401864519,BetMGM,-6.0,42.5
2026-10-08 13:34:33.402072+00:00,401864519,MyBookie.ag,-6.0,42.5
2026-10-08 13:34:33.402072+00:00,401864519,Bovada,-6.0,42.5
2026-10-08 13:34:33.402072+00:00,401864519,BetUS,-6.0,42.5
2026-10-08 13:34:33.402072+00:00,401860922,FanDuel,-5.5,43.5
2026-10-08 13:34:33.402072+00:00,401860922,BetRivers,-5.5,43.5
2026-10-08 13:34:33.402072+00:00,401860922,BetMGM,-5.5,44.5
2026-10-08 13:34:33.402072+00:00,401860922,DraftKings,-5.5,44.5
2026-10-08 13:34:33.402072+00:00,401860922,BetOnline.ag,-5.5,44.0
2026-10-08 13:34:33.402072+00:00,401860922,LowVig.ag,-5.5,44.0
2026-10-08 13:34:33.402072+00:00,401860922,MyBookie.ag,-5.5,44.0
2026-10-08 13:34:33.402072+00:00,401860922,Bovada,-5.5,44.0
2026-10-08 13:34:33.402072+00:00,401860922,BetUS,-5.5,44.0
2026-10-08 13:34:33.402072+00:00,401856826,DraftKings,-10.5,45.5
2026-10-08 13:34:33.402072+00:00,401856826,BetRivers,-10.5,46.5
2026-10-08 13:34:33.402072+00:00,401856826,MyBookie.ag,-10.0,46.0
2026-10-08 13:34:33.402072+00:00,401856826,FanDuel,-9.5,46.5
2026-10-08 13:34:33.402072+00:00,401856826,BetMGM,-10.0,45.5
2026-10-08 13:34:33.402072+00:00,401856826,LowVig.ag,-10.0,46.5
2026-10-08 13:34:33.402072+00:00,401856826,BetOnline.ag,-10.0,46.5
2026-10-08 13:34:33.402072+00:00,401856826,Bovada,-10.0,46.0
2026-10-08 13:34:33.402072+00:00,401856826,BetUS,-10.0,46.0
2026-10-08 13:34:33.402072+00:00,401856823,FanDuel,3.5,62.5
2026-10-08 13:34:33.402072+00:00,401856823,BetRivers,3.0,61.0
2026-10-08 13:34:33.402072+00:00,401856823,BetMGM,3.0,61.5
2026-10-08 13:34:33.402072+00:00,401856823,DraftKings,3.0,61.5
2026-10-08 13:34:33.402072+00:00,401856823,LowVig.ag,3.0,61.5
2026-10-08 13:34:33.402072+00:00,401856823,BetOnline.ag,3.0,61.5
2026-10-08 13:34:33.402072+00:00,401856823,MyBookie.ag,3.0,61.5
2026-10-08 13:34:33.402072+00:00,401856823,Bovada,3.0,61.5
2026-10-08 13:34:33.402072+00:00,401856823,BetUS,3.5,61.5
2026-10-08 13:34:33.402072+00:00,401862795,DraftKings,-3.0,48.5
2026-10-08 13:34:33.402072+00:00,401862795,BetOnline.ag,-3.0,48.0
2026-10-08 13:34:33.402072+00:00,401862795,LowVig.ag,-3.0,48.0
2026-10-08 13:34:33.402072+00:00,401862795,FanDuel,-3.5,47.5
2026-10-08 13:34:33.402072+00:00,401862795,BetRivers,-3.5,47.5
2026-10-08 13:34:33.402072+00:00,401862795,BetMGM,-3.0,48.5
2026-10-08 13:34:33.402072+00:00,401862795,MyBookie.ag,-3.5,48.0
2026-10-08 13:34:33.402072+00:00,401862795,Bovada,-3.0,48.5
2026-10-08 13:34:33.402072+00:00,401862795,BetUS,-3.0,48.0
2026-10-08 13:34:33.402072+00:00,401866436,DraftKings,-7.5,43.5
2026-10-08 13:34:33.402072+00:00,401866436,FanDuel,-7.5,44.5
2026-10-08 13:34:33.402072+00:00,401866436,BetRivers,-8.5,44.5
2026-10-08 13:34:33.402072+00:00,401866436,LowVig.ag,-7.0,44.0
2026-10-08 13:34:33.402072+00:00,401866436,BetOnline.ag,-7.0,44.0
2026-10-08 13:34:33.402072+00:00,401866436,BetMGM,-7.5,43.5
2026-10-08 13:34:33.402072+00:00,401866436,MyBookie.ag,-7.5,44.0
2026-10-08 13:34:33.402072+00:00,401866436,Bovada,-7.5,43.5
2026-10-08 13:34:33.402072+00:00,401866436,BetUS,-8.5,44.0
2026-10-08 13:34:33.402072+00:00,401858481,FanDuel,7.5,48.5
2026-10-08 13:34:33.402072+00:00,401858481,DraftKings,7.5,48.5
2026-10-08 13:34:33.402072+00:00,401858481,BetRivers,7.5,48.5
2026-10-08 13:34:33.402072+00:00,401858481,MyBookie.ag,7.5,48.5
2026-10-08 13:34:33.402072+00:00,401858481,BetMGM,7.5,48.5
2026-10-08 13:34:33.402072+00:00,401858481,LowVig.ag,7.0,48.5
2026-10-08 13:34:33.402072+00:00,401858481,BetOnline.ag,7.0,48.5
2026-10-08 13:34:33.402072+00:00,401858481,Bovada,7.5,48.0
2026-10-08 13:34:33.402072+00:00,401858481,BetUS,7.5,48.5
2026-10-08 13:34:33.402072+00:00,401856716,DraftKings,-3.5,48.5
2026-10-08 13:34:33.402072+00:00,401856716,BetRivers,-3.0,48.5
2026-10-08 13:34:33.402072+00:00,401856716,MyBookie.ag,-3.5,48.0
2026-10-08 13:34:33.402072+00:00,401856716,FanDuel,-3.5,48.5
2026-10-08 13:34:33.402072+00:00,401856716,BetMGM,-3.5,48.5
2026-10-08 13:34:33.402072+00:00,401856716,BetOnline.ag,-3.5,48.0
2026-10-08 13:34:33.402072+00:00,401856716,LowVig.ag,-3.5,48.0
2026-10-08 13:34:33.402072+00:00,401856716,BetUS,-3.5,48.5
2026-10-08 13:34:33.402072+00:00,401856716,Bovada,-3.5,48.5
2026-10-08 13:34:33.402072+00:00,401858260,FanDuel,3.5,59.5
2026-10-08 13:34:33.402072+00:00,401858260,BetRivers,3.5,59.5
2026-10-08 13:34:33.402072+00:00,401858260,BetMGM,3.5,59.5
2026-10-08 13:34:33.402072+00:00,401858260,DraftKings,3.5,59.5
2026-10-08 13:34:33.402072+00:00,401858260,LowVig.ag,3.5,60.0
2026-10-08 13:34:33.402072+00:00,401858260,BetOnline.ag,3.5,60.0
2026-10-08 13:34:33.402072+00:00,401858260,MyBookie.ag,3.5,59.5
2026-10-08 13:34:33.402072+00:00,401858260,Bovada,3.5,59.5
2026-10-08 13:34:33.402072+00:00,401858260,BetUS,3.5,60.0
2026-10-08 13:34:33.402072+00:00,401858256,FanDuel,-3.5,47.5
2026-10-08 13:34:33.402072+00:00,401858256,BetRivers,-4.0,47.0
2026-10-08 13:34:33.402072+00:00,401858256,BetMGM,-4.0,46.5
2026-10-08 13:34:33.402072+00:00,401858256,BetOnline.ag,-4.0,47.0
2026-10-08 13:34:33.402072+00:00,401858256,LowVig.ag,-3.5,47.0
2026-10-08 13:34:33.402072+00:00,401858256,DraftKings,-4.0,47.5
2026-10-08 13:34:33.402072+00:00,401858256,MyBookie.ag,-4.0,47.0
2026-10-08 13:34:33.402072+00:00,401858256,Bovada,-4.0,47.0
2026-10-08 13:34:33.402072+00:00,401858256,BetUS,-4.0,47.0
2026-10-08 13:34:33.402072+00:00,401856824,FanDuel,-10.5,53.5
2026-10-08 13:34:33.402072+00:00,401856824,BetRivers,-10.5,53.5
2026-10-08 13:34:33.402072+00:00,401856824,BetMGM,-11.5,53.5
2026-10-08 13:34:33.402072+00:00,401856824,DraftKings,-10.5,53.5
2026-10-08 13:34:33.402072+00:00,401856824,LowVig.ag,-10.5,53.0
2026-10-08 13:34:33.402072+00:00,401856824,BetOnline.ag,-10.5,53.0
2026-10-08 13:34:33.402072+00:00,401856824,MyBookie.ag,-11.5,53.0
2026-10-08 13:34:33.402072+00:00,401856824,Bovada,-11.0,53.5
2026-10-08 13:34:33.402072+00:00,401856824,BetUS,-11.0,53.5
2026-10-08 13:34:33.402072+00:00,401858482,FanDuel,-36.5,52.5
2026-10-08 13:34:33.402072+00:00,401858482,BetRivers,-37.5,53.5
2026-10-08 13:34:33.402072+00:00,401858482,BetMGM,-37.5,52.5
2026-10-08 13:34:33.402072+00:00,401858482,DraftKings,-37.5,52.5
2026-10-08 13:34:33.402072+00:00,401858482,BetOnline.ag,-37.0,52.5
2026-10-08 13:34:33.402072+00:00,401858482,LowVig.ag,-37.0,52.5
2026-10-08 13:34:33.402072+00:00,401858482,BetUS,-37.0,52.5
2026-10-08 13:34:33.402072+00:00,401858482,Bovada,-37.0,52.5
2026-10-08 13:34:33.402072+00:00,401856714,DraftKings,-11.5,59.5
2026-10-08 13:34:33.402072+00:00,401856714,BetRivers,-12.5,60.0
2026-10-08 13:34:33.402072+00:00,401856714,MyBookie.ag,-11.5,59.5
2026-10-08 13:34:33.402072+00:00,401856714,FanDuel,-12.5,60.5
2026-10-08 13:34:33.402072+00:00,401856714,BetMGM,-11.5,59.5
2026-10-08 13:34:33.402072+00:00,401856714,LowVig.ag,-11.5,60.0
2026-10-08 13:34:33.402072+00:00,401856714,BetOnline.ag,-11.5,60.0
2026-10-08 13:34:33.402072+00:00,401856714,Bovada,-11.0,59.5
2026-10-08 13:34:33.402072+00:00,401856714,BetUS,-11.5,60.0
2026-10-08 13:34:33.402072+00:00,401869843,DraftKings,-9.5,48.5
2026-10-08 13:34:33.402072+00:00,401869843,FanDuel,-9.5,48.5
2026-10-08 13:34:33.402072+00:00,401869843,LowVig.ag,-9.5,48.5
2026-10-08 13:34:33.402072+00:00,401869843,BetOnline.ag,-9.5,48.5
2026-10-08 13:34:33.402072+00:00,401869843,BetRivers,-9.5,49.5
2026-10-08 13:34:33.402072+00:00,401869843,BetMGM,-10.0,48.5
2026-10-08 13:34:33.402072+00:00,401869843,MyBookie.ag,-9.5,48.5
2026-10-08 13:34:33.402072+00:00,401869843,Bovada,-9.0,48.5
2026-10-08 13:34:33.402072+00:00,401869843,BetUS,-10.0,48.5
2026-10-08 13:34:33.402072+00:00,401866435,DraftKings,6.5,51.5
2026-10-08 13:34:33.402072+00:00,401866435,FanDuel,6.5,52.5
2026-10-08 13:34:33.402072+00:00,401866435,LowVig.ag,7.0,52.0
2026-10-08 13:34:33.402072+00:00,401866435,BetOnline.ag,7.0,52.0
2026-10-08 13:34:33.402072+00:00,401866435,BetRivers,7.0,51.5
2026-10-08 13:34:33.402072+00:00,401866435,BetMGM,7.0,51.5
2026-10-08 13:34:33.402072+00:00,401866435,MyBookie.ag,7.0,52.0
2026-10-08 13:34:33.402072+00:00,401866435,Bovada,6.5,51.5
2026-10-08 13:34:33.402072+00:00,401866435,BetUS,7.0,52.0
2026-10-08 13:34:33.402072+00:00,401866437,DraftKings,-21.0,54.5
2026-10-08 13:34:33.402072+00:00,401866437,FanDuel,-20.5,54.5
2026-10-08 13:34:33.402072+00:00,401866437,LowVig.ag,-20.5,54.5
2026-10-08 13:34:33.402072+00:00,401866437,BetOnline.ag,-20.5,54.5
2026-10-08 13:34:33.402072+00:00,401866437,BetRivers,-21.0,54.5
2026-10-08 13:34:33.402072+00:00,401866437,BetMGM,-21.5,54.5
2026-10-08 13:34:33.402072+00:00,401866437,MyBookie.ag,-21.0,55.0
2026-10-08 13:34:33.402072+00:00,401866437,Bovada,-21.0,55.0
2026-10-08 13:34:33.402072+00:00,401866437,BetUS,-21.0,55.0
2026-10-08 13:34:33.402072+00:00,401858259,FanDuel,9.5,53.5
2026-10-08 13:34:33.402072+00:00,401858259,BetRivers,10.0,54.0
2026-10-08 13:34:33.402072+00:00,401858259,BetMGM,10.0,53.5
2026-10-08 13:34:33.402072+00:00,401858259,DraftKings,10.0,53.5
2026-10-08 13:34:33.402072+00:00,401858259,LowVig.ag,9.5,53.0
2026-10-08 13:34:33.402072+00:00,401858259,BetOnline.ag,9.5,53.0
2026-10-08 13:34:33.402072+00:00,401858259,MyBookie.ag,10.0,53.0
2026-10-08 13:34:33.402072+00:00,401858259,BetUS,9.5,53.0
2026-10-08 13:34:33.402072+00:00,401858259,Bovada,10.0,53.5
2026-10-08 13:34:33.402072+00:00,401866438,DraftKings,-3.0,46.5
2026-10-08 13:34:33.402072+00:00,401866438,FanDuel,-2.5,46.5
2026-10-08 13:34:33.402072+00:00,401866438,LowVig.ag,-3.0,46.0
2026-10-08 13:34:33.402072+00:00,401866438,BetOnline.ag,-3.0,46.0
2026-10-08 13:34:33.402072+00:00,401866438,BetRivers,-3.0,46.5
2026-10-08 13:34:33.402072+00:00,401866438,BetMGM,-2.5,45.5
2026-10-08 13:34:33.402072+00:00,401866438,MyBookie.ag,-3.0,46.0
2026-10-08 13:34:33.402072+00:00,401866438,Bovada,-3.0,46.0
2026-10-08 13:34:33.402072+00:00,401866438,BetUS,-3.0,46.0
2026-10-08 13:34:33.402072+00:00,401862796,DraftKings,-28.5,57.5
2026-10-08 13:34:33.402072+00:00,401862796,FanDuel,-28.5,57.5
2026-10-08 13:34:33.402072+00:00,401862796,BetOnline.ag,-28.5,57.5
2026-10-08 13:34:33.402072+00:00,401862796,LowVig.ag,-28.5,57.5
2026-10-08 13:34:33.402072+00:00,401862796,BetRivers,-28.5,57.5
2026-10-08 13:34:33.402072+00:00,401862796,BetMGM,-29.0,57.5
2026-10-08 13:34:33.402072+00:00,401862796,MyBookie.ag,-28.5,58.0
2026-10-08 13:34:33.402072+00:00,401862796,BetUS,-28.5,58.0
2026-10-08 13:34:33.402072+00:00,401862796,Bovada,-28.0,58.0
2026-10-08 13:34:33.402072+00:00,401858255,FanDuel,6.5,44.5
2026-10-08 13:34:33.402072+00:00,401858255,BetRivers,6.5,44.0
2026-10-08 13:34:33.402072+00:00,401858255,BetMGM,6.5,43.5
2026-10-08 13:34:33.402072+00:00,401858255,DraftKings,6.5,43.5
2026-10-08 13:34:33.402072+00:00,401858255,BetOnline.ag,6.5,43.5
2026-10-08 13:34:33.402072+00:00,401858255,LowVig.ag,6.5,43.5
2026-10-08 13:34:33.402072+00:00,401858255,MyBookie.ag,7.0,44.0
2026-10-08 13:34:33.402072+00:00,401858255,Bovada,6.5,43.5
2026-10-08 13:34:33.402072+00:00,401858255,BetUS,7.0,44.0
2026-10-08 13:34:33.402072+00:00,401856825,FanDuel,-2.5,55.5
2026-10-08 13:34:33.402072+00:00,401856825,BetRivers,-2.5,55.0
2026-10-08 13:34:33.402072+00:00,401856825,BetMGM,-2.5,55.5
2026-10-08 13:34:33.402072+00:00,401856825,DraftKings,-2.5,55.5
2026-10-08 13:34:33.402072+00:00,401856825,LowVig.ag,-2.5,55.0
2026-10-08 13:34:33.402072+00:00,401856825,BetOnline.ag,-2.5,55.0
2026-10-08 13:34:33.402072+00:00,401856825,MyBookie.ag,-2.5,55.5
2026-10-08 13:34:33.402072+00:00,401856825,BetUS,-2.5,55.5
2026-10-08 13:34:33.402072+00:00,401856825,Bovada,-2.5,55.0
2026-10-08 13:34:33.402072+00:00,401858480,FanDuel,2.5,48.5
2026-10-08 13:34:33.402072+00:00,401858480,BetRivers,2.5,47.5
2026-10-08 13:34:33.402072+00:00,401858480,BetMGM,2.5,47.5
2026-10-08 13:34:33.402072+00:00,401858480,DraftKings,2.5,47.5
2026-10-08 13:34:33.402072+00:00,401858480,BetOnline.ag,2.5,48.0
2026-10-08 13:34:33.402072+00:00,401858480,LowVig.ag,2.5,48.0
2026-10-08 13:34:33.402072+00:00,401858480,MyBookie.ag,2.5,48.0
2026-10-08 13:34:33.402072+00:00,401858480,Bovada,2.5,48.0
2026-10-08 13:34:33.402072+00:00,401858480,BetUS,2.5,48.0
2026-10-08 13:34:33.402072+00:00,401866439,DraftKings,-13.5,43.5
2026-10-08 13:34:33.402072+00:00,401866439,LowVig.ag,-13.5,43.5
2026-10-08 13:34:33.402072+00:00,401866439,BetOnline.ag,-13.5,43.5
2026-10-08 13:34:33.402072+00:00,401866439,FanDuel,-13.5,43.5
2026-10-08 13:34:33.402072+00:00,401866439,BetMGM,-13.5,42.5
2026-10-08 13:34:33.402072+00:00,401866439,MyBookie.ag,-14.0,43.5
2026-10-08 13:34:33.402072+00:00,401866439,Bovada,-13.5,43.5
2026-10-08 13:34:33.402072+00:00,401866439,BetUS,-13.5,43.5
2026-10-08 13:34:33.402072+00:00,401866439,BetRivers,-14.0,43.5
2026-10-08 13:34:33.402072+00:00,401862799,FanDuel,-2.5,48.5
2026-10-08 13:34:33.402072+00:00,401862799,BetRivers,-2.5,48.5
2026-10-08 13:34:33.402072+00:00,401862799,BetMGM,-2.5,48.5
2026-10-08 13:34:33.402072+00:00,401862799,DraftKings,-2.5,48.5
2026-10-08 13:34:33.402072+00:00,401862799,LowVig.ag,-2.5,48.5
2026-10-08 13:34:33.402072+00:00,401862799,BetOnline.ag,-2.5,48.5
2026-10-08 13:34:33.402072+00:00,401862799,MyBookie.ag,-2.5,48.5
2026-10-08 13:34:33.402072+00:00,401862799,BetUS,-2.5,48.5
2026-10-08 13:34:33.402072+00:00,401862799,Bovada,-2.5,49.0
2026-10-08 13:34:33.402072+00:00,401858257,DraftKings,-38.5,54.5
2026-10-08 13:34:33.402072+00:00,401858257,FanDuel,-37.5,54.5
2026-10-08 13:34:33.402072+00:00,401858257,BetRivers,-38.5,54.5
2026-10-08 13:34:33.402072+00:00,401858257,BetMGM,-38.5,54.5
2026-10-08 13:34:33.402072+00:00,401858257,BetOnline.ag,-38.5,54.0
2026-10-08 13:34:33.402072+00:00,401858257,LowVig.ag,-38.5,54.0
2026-10-08 13:34:33.402072+00:00,401858257,BetUS,-38.5,54.0
2026-10-08 13:34:33.402072+00:00,401858257,Bovada,-38.0,54.5
2026-10-08 13:34:33.402072+00:00,401856717,FanDuel,7.5,38.5
2026-10-08 13:34:33.402072+00:00,401856717,BetMGM,7.5,38.5
2026-10-08 13:34:33.402072+00:00,401856717,DraftKings,7.5,39.5
2026-10-08 13:34:33.402072+00:00,401856717,BetRivers,7.5,39.0
2026-10-08 13:34:33.402072+00:00,401856717,MyBookie.ag,7.5,39.5
2026-10-08 13:34:33.402072+00:00,401856717,BetOnline.ag,7.5,39.5
2026-10-08 13:34:33.402072+00:00,401856717,LowVig.ag,7.5,39.5
2026-10-08 13:34:33.402072+00:00,401856717,BetUS,7.5,39.5
2026-10-08 13:34:33.402072+00:00,401856717,Bovada,7.5,39.0
2026-10-08 13:34:33.402072+00:00,401856718,FanDuel,10.5,55.5
2026-10-08 13:34:33.402072+00:00,401856718,DraftKings,9.5,55.5
2026-10-08 13:34:33.402072+00:00,401856718,BetRivers,10.0,55.5
2026-10-08 13:34:33.402072+00:00,401856718,BetOnline.ag,9.5,56.0
2026-10-08 13:34:33.402072+00:00,401856718,BetMGM,9.5,55.5
2026-10-08 13:34:33.402072+00:00,401856718,MyBookie.ag,9.5,55.5
2026-10-08 13:34:33.402072+00:00,401856718,BetUS,9.5,56.0
2026-10-08 13:34:33.402072+00:00,401856718,Bovada,9.0,55.0
2026-10-08 13:34:33.402072+00:00,401858484,FanDuel,-11.5,58.5
2026-10-08 13:34:33.402072+00:00,401858484,DraftKings,-11.5,58.5
2026-10-08 13:34:33.402072+00:00,401858484,BetRivers,-11.5,58.5
2026-10-08 13:34:33.402072+00:00,401858484,MyBookie.ag,-11.5,58.5
2026-10-08 13:34:33.402072+00:00,401858484,BetMGM,-12.5,59.5
2026-10-08 13:34:33.402072+00:00,401858484,BetOnline.ag,-11.0,58.5
2026-10-08 13:34:33.402072+00:00,401858484,LowVig.ag,-11.0,58.5
2026-10-08 13:34:33.402072+00:00,401858484,BetUS,-11.5,58.5
2026-10-08 13:34:33.402072+00:00,401858484,Bovada,-11.5,59.0
2026-10-08 13:34:33.402072+00:00,401861964,FanDuel,-3.5,54.5
2026-10-08 13:34:33.402072+00:00,401861964,LowVig.ag,-4.0,55.0
2026-10-08 13:34:33.402072+00:00,401861964,BetOnline.ag,-3.5,55.0
2026-10-08 13:34:33.402072+00:00,401861964,DraftKings,-3.5,54.5
2026-10-08 13:34:33.402072+00:00,401861964,BetMGM,-3.5,55.5
2026-10-08 13:34:33.402072+00:00,401861964,MyBookie.ag,-3.5,55.0
2026-10-08 13:34:33.402072+00:00,401861964,Bovada,-3.5,54.5
2026-10-08 13:34:33.402072+00:00,401861964,BetUS,-3.5,54.5
2026-10-08 13:34:33.402072+00:00,401861964,BetRivers,-4.5,53.5
2026-10-08 13:34:33.402072+00:00,401862797,DraftKings,-10.0,47.5
2026-10-08 13:34:33.402072+00:00,401862797,LowVig.ag,-10.0,47.0
2026-10-08 13:34:33.402072+00:00,401862797,BetOnline.ag,-10.0,47.0
2026-10-08 13:34:33.402072+00:00,401862797,FanDuel,-9.5,47.5
2026-10-08 13:34:33.402072+00:00,401862797,BetMGM,-9.5,47.5
2026-10-08 13:34:33.402072+00:00,401862797,MyBookie.ag,-10.0,47.0
2026-10-08 13:34:33.402072+00:00,401862797,Bovada,-10.0,47.5
2026-10-08 13:34:33.402072+00:00,401862797,BetUS,-10.0,47.0
2026-10-08 13:34:33.402072+00:00,401862797,BetRivers,-10.5,47.5
2026-10-08 13:34:33.402072+00:00,401856713,FanDuel,13.5,51.5
2026-10-08 13:34:33.402072+00:00,401856713,BetRivers,13.5,51.0
2026-10-08 13:34:33.402072+00:00,401856713,BetMGM,13.5,51.5
2026-10-08 13:34:33.402072+00:00,401856713,DraftKings,13.5,51.5
2026-10-08 13:34:33.402072+00:00,401856713,LowVig.ag,13.5,51.0
2026-10-08 13:34:33.402072+00:00,401856713,BetOnline.ag,13.5,51.0
2026-10-08 13:34:33.402072+00:00,401856713,MyBookie.ag,13.5,51.0
2026-10-08 13:34:33.402072+00:00,401856713,BetUS,13.5,51.0
2026-10-08 13:34:33.402072+00:00,401856713,Bovada,13.5,51.5
2026-10-08 13:34:33.402072+00:00,401858483,DraftKings,-34.5,56.5
2026-10-08 13:34:33.402072+00:00,401858483,FanDuel,-34.5,57.5
2026-10-08 13:34:33.402072+00:00,401858483,BetRivers,-34.5,56.5
2026-10-08 13:34:33.402072+00:00,401858483,BetMGM,-34.5,56.5
2026-10-08 13:34:33.402072+00:00,401858483,LowVig.ag,-34.0,56.5
2026-10-08 13:34:33.402072+00:00,401858483,BetOnline.ag,-34.0,56.5
2026-10-08 13:34:33.402072+00:00,401858483,Bovada,-34.5,56.0
2026-10-08 13:34:33.402072+00:00,401858483,BetUS,-34.0,56.5
2026-10-08 13:34:33.402072+00:00,401860902,FanDuel,-14.5,53.5
2026-10-08 13:34:33.402072+00:00,401860902,BetRivers,-15.0,53.5
2026-10-08 13:34:33.402072+00:00,401860902,BetMGM,-16.5,53.5
2026-10-08 13:34:33.402072+00:00,401860902,LowVig.ag,-14.5,53.5
2026-10-08 13:34:33.402072+00:00,401860902,BetOnline.ag,-14.5,53.5
2026-10-08 13:34:33.402072+00:00,401860902,DraftKings,-15.5,53.5
2026-10-08 13:34:33.402072+00:00,401860902,MyBookie.ag,-15.5,53.5
2026-10-08 13:34:33.402072+00:00,401860902,BetUS,-15.0,53.5
2026-10-08 13:34:33.402072+00:00,401860902,Bovada,-15.5,53.5
2026-10-08 13:34:33.402072+00:00,401869943,DraftKings,-4.0,58.5
2026-10-08 13:34:33.402072+00:00,401869943,FanDuel,-3.5,58.5
2026-10-08 13:34:33.402072+00:00,401869943,LowVig.ag,-4.0,57.0
2026-10-08 13:34:33.402072+00:00,401869943,BetOnline.ag,-4.0,57.0
2026-10-08 13:34:33.402072+00:00,401869943,BetRivers,-3.5,59.5
2026-10-08 13:34:33.402072+00:00,401869943,BetMGM,-3.5,58.5
2026-10-08 13:34:33.402072+00:00,401869943,MyBookie.ag,-3.5,58.5
2026-10-08 13:34:33.402072+00:00,401869943,BetUS,-4.0,58.5
2026-10-08 13:34:33.402072+00:00,401869943,Bovada,-3.5,59.0
2026-10-08 13:34:33.402072+00:00,401856715,DraftKings,8.5,51.5
2026-10-08 13:34:33.402072+00:00,401856715,BetRivers,9.0,52.0
2026-10-08 13:34:33.402072+00:00,401856715,MyBookie.ag,8.5,52.0
2026-10-08 13:34:33.402072+00:00,401856715,FanDuel,8.5,51.5
2026-10-08 13:34:33.402072+00:00,401856715,BetOnline.ag,8.0,51.5
2026-10-08 13:34:33.402072+00:00,401856715,LowVig.ag,8.0,51.5
2026-10-08 13:34:33.402072+00:00,401856715,BetMGM,8.5,52.5
2026-10-08 13:34:33.402072+00:00,401856715,Bovada,8.5,52.0
2026-10-08 13:34:33.402072+00:00,401856715,BetUS,8.5,52.0
2026-10-08 13:34:33.402072+00:00,401862798,DraftKings,-14.0,52.5
2026-10-08 13:34:33.402072+00:00,401862798,FanDuel,-14.5,52.5
2026-10-08 13:34:33.402072+00:00,401862798,BetRivers,-14.0,51.5
2026-10-08 13:34:33.402072+00:00,401862798,LowVig.ag,-14.0,52.5
2026-10-08 13:34:33.402072+00:00,401862798,BetOnline.ag,-14.0,52.5
2026-10-08 13:34:33.402072+00:00,401862798,BetMGM,-14.0,52.5
2026-10-08 13:34:33.402072+00:00,401862798,MyBookie.ag,-14.0,52.5
2026-10-08 13:34:33.402072+00:00,401862798,BetUS,-14.0,52.5
2026-10-08 13:34:33.402072+00:00,401862798,Bovada,-13.5,52.5
2026-10-08 13:34:33.402072+00:00,401864517,DraftKings,10.0,49.5
2026-10-08 13:34:33.402072+00:00,401864517,LowVig.ag,10.0,49.5
2026-10-08 13:34:33.402072+00:00,401864517,BetOnline.ag,10.0,49.5
2026-10-08 13:34:33.402072+00:00,401864517,FanDuel,10.5,49.5
2026-10-08 13:34:33.402072+00:00,401864517,BetMGM,10.0,48.5
2026-10-08 13:34:33.402072+00:00,401864517,MyBookie.ag,10.0,49.0
2026-10-08 13:34:33.402072+00:00,401864517,BetUS,10.0,49.0
2026-10-08 13:34:33.402072+00:00,401864517,Bovada,10.0,49.5
2026-10-08 13:34:33.402072+00:00,401864517,BetRivers,9.5,49.5
2026-10-08 13:34:33.402072+00:00,401864518,FanDuel,3.5,48.5
2026-10-08 13:34:33.402072+00:00,401864518,LowVig.ag,3.0,48.0
2026-10-08 13:34:33.402072+00:00,401864518,BetOnline.ag,3.0,48.0
2026-10-08 13:34:33.402072+00:00,401864518,DraftKings,3.0,47.5
2026-10-08 13:34:33.402072+00:00,401864518,BetMGM,3.5,47.5
2026-10-08 13:34:33.402072+00:00,401864518,MyBookie.ag,3.5,48.0
2026-10-08 13:34:33.402072+00:00,401864518,BetUS,3.0,48.0
2026-10-08 13:34:33.402072+00:00,401864518,Bovada,3.0,48.0
2026-10-08 13:34:33.402072+00:00,401864518,BetRivers,3.5,47.5
2026-10-08 13:34:33.402072+00:00,401864516,FanDuel,7.5,46.5
2026-10-08 13:34:33.402072+00:00,401864516,LowVig.ag,7.5,46.0
2026-10-08 13:34:33.402072+00:00,401864516,DraftKings,7.5,46.5
2026-10-08 13:34:33.402072+00:00,401864516,BetOnline.ag,7.5,46.0
2026-10-08 13:34:33.402072+00:00,401864516,BetMGM,7.5,46.5
2026-10-08 13:34:33.402072+00:00,401864516,MyBookie.ag,7.5,46.5
2026-10-08 13:34:33.402072+00:00,401864516,BetUS,7.5,46.0
2026-10-08 13:34:33.402072+00:00,401864516,Bovada,7.5,47.0
2026-10-08 13:34:33.402072+00:00,401864516,BetRivers,7.5,47.5
2026-10-08 13:34:33.402072+00:00,401856712,FanDuel,-1.5,51.5
2026-10-08 13:34:33.402072+00:00,401856712,BetMGM,-1.5,51.5
2026-10-08 13:34:33.402072+00:00,401856712,DraftKings,-1.5,51.5
2026-10-08 13:34:33.402072+00:00,401856712,BetRivers,-2.0,51.5
2026-10-08 13:34:33.402072+00:00,401856712,MyBookie.ag,-1.5,51.5
2026-10-08 13:34:33.402072+00:00,401856712,BetOnline.ag,-2.0,51.5
2026-10-08 13:34:33.402072+00:00,401856712,LowVig.ag,-2.0,51.5
2026-10-08 13:34:33.402072+00:00,401856712,BetUS,-2.0,51.5
2026-10-08 13:34:33.402072+00:00,401856712,Bovada,-2.0,51.0
2026-10-08 13:34:33.402072+00:00,401869949,DraftKings,7.5,51.5
2026-10-08 13:34:33.402072+00:00,401869949,FanDuel,7.5,51.5
2026-10-08 13:34:33.402072+00:00,401869949,LowVig.ag,7.5,52.0
2026-10-08 13:34:33.402072+00:00,401869949,BetOnline.ag,7.5,52.0
2026-10-08 13:34:33.402072+00:00,401869949,BetMGM,7.5,52.5
2026-10-08 13:34:33.402072+00:00,401869949,MyBookie.ag,7.5,52.0
2026-10-08 13:34:33.402072+00:00,401869949,BetUS,7.5,52.0
2026-10-08 13:34:33.402072+00:00,401869949,Bovada,7.5,52.0
2026-10-08 13:34:33.402072+00:00,401869949,BetRivers,7.5,50.5
2026-10-08 13:34:33.402072+00:00,401869965,DraftKings,-3.0,47.5
2026-10-08 13:34:33.402072+00:00,401869965,BetOnline.ag,-2.5,47.5
2026-10-08 13:34:33.402072+00:00,401869965,LowVig.ag,-2.5,47.5
2026-10-08 13:34:33.402072+00:00,401869965,FanDuel,-2.5,47.5
2026-10-08 13:34:33.402072+00:00,401869965,BetMGM,-3.0,46.5
2026-10-08 13:34:33.402072+00:00,401869965,MyBookie.ag,-3.0,47.0
2026-10-08 13:34:33.402072+00:00,401869965,Bovada,-3.0,47.5
2026-10-08 13:34:33.402072+00:00,401869965,BetUS,-3.0,47.5
2026-10-08 13:34:33.402072+00:00,401869965,BetRivers,-3.0,46.5
2026-10-08 13:34:33.402072+00:00,401858485,DraftKings,-1.5,54.5
2026-10-08 13:34:33.402072+00:00,401858485,MyBookie.ag,-1.5,54.5
2026-10-08 13:34:33.402072+00:00,401858485,BetRivers,-1.5,55.0
2026-10-08 13:34:33.402072+00:00,401858485,FanDuel,-1.5,54.5
2026-10-08 13:34:33.402072+00:00,401858485,LowVig.ag,-1.5,55.0
2026-10-08 13:34:33.402072+00:00,401858485,BetOnline.ag,-1.5,55.0
2026-10-08 13:34:33.402072+00:00,401858485,BetMGM,-1.5,54.5
2026-10-08 13:34:33.402072+00:00,401858485,Bovada,-1.5,55.0
2026-10-08 13:34:33.402072+00:00,401858485,BetUS,-1.5,54.5
2026-10-08 13:34:33.402072+00:00,401858258,FanDuel,-9.5,50.5
2026-10-08 13:34:33.402072+00:00,401858258,BetRivers,-9.5,50.0
2026-10-08 13:34:33.402072+00:00,401858258,BetMGM,-9.0,50.5
2026-10-08 13:34:33.402072+00:00,401858258,DraftKings,-9.5,50.5
2026-10-08 13:34:33.402072+00:00,401858258,LowVig.ag,-9.0,50.5
2026-10-08 13:34:33.402072+00:00,401858258,BetOnline.ag,-9.0,50.5
2026-10-08 13:34:33.402072+00:00,401858258,MyBookie.ag,-9.0,50.5
2026-10-08 13:34:33.402072+00:00,401858258,Bovada,-9.5,50.0
2026-10-08 13:34:33.402072+00:00,401858258,BetUS,-9.0,50.5
2026-10-08 13:34:33.402072+00:00,401858486,FanDuel,2.5,50.5
2026-10-08 13:34:33.402072+00:00,401858486,BetRivers,2.5,50.5
2026-10-08 13:34:33.402072+00:00,401858486,BetMGM,2.5,50.5
2026-10-08 13:34:33.402072+00:00,401858486,DraftKings,2.5,50.5
2026-10-08 13:34:33.402072+00:00,401858486,BetOnline.ag,2.0,50.0
2026-10-08 13:34:33.402072+00:00,401858486,LowVig.ag,2.0,50.0
2026-10-08 13:34:33.402072+00:00,401858486,MyBookie.ag,2.5,50.5
2026-10-08 13:34:33.402072+00:00,401858486,Bovada,2.5,50.5
2026-10-08 13:34:33.402072+00:00,401858486,BetUS,2.5,50.0
2026-10-08 13:34:33.402072+00:00,401856827,FanDuel,-15.5,50.5
2026-10-08 13:34:33.402072+00:00,401856827,BetRivers,-15.5,51.0
2026-10-08 13:34:33.402072+00:00,401856827,BetMGM,-16.0,51.5
2026-10-08 13:34:33.402072+00:00,401856827,DraftKings,-15.5,51.5
2026-10-08 13:34:33.402072+00:00,401856827,BetOnline.ag,-15.5,50.0
2026-10-08 13:34:33.402072+00:00,401856827,MyBookie.ag,-15.5,51.0
2026-10-08 13:34:33.402072+00:00,401856827,BetUS,-15.5,50.5
2026-10-08 13:34:33.402072+00:00,401856827,Bovada,-16.0,51.0
2026-10-08 13:34:33.402072+00:00,401856808,FanDuel,-20.5,49.5
2026-10-08 13:34:33.402072+00:00,401856808,BetRivers,-21.0,50.5
2026-10-08 13:34:33.402072+00:00,401856808,BetMGM,-21.0,50.5
2026-10-08 13:34:33.402072+00:00,401856808,LowVig.ag,-20.5,50.0
2026-10-08 13:34:33.402072+00:00,401856808,BetOnline.ag,-20.5,50.0
2026-10-08 13:34:33.402072+00:00,401856808,DraftKings,-20.5,50.5
2026-10-08 13:34:33.402072+00:00,401856808,MyBookie.ag,-21.0,50.0
2026-10-08 13:34:33.402072+00:00,401856808,BetUS,-20.5,50.0
2026-10-08 13:34:33.402072+00:00,401856808,Bovada,-21.0,50.5
2026-10-08 13:34:33.402072+00:00,401860901,FanDuel,6.5,48.5
2026-10-08 13:34:33.402072+00:00,401860901,BetRivers,6.0,48.5
2026-10-08 13:34:33.402072+00:00,401860901,BetMGM,6.5,48.5
2026-10-08 13:34:33.402072+00:00,401860901,LowVig.ag,6.5,48.5
2026-10-08 13:34:33.402072+00:00,401860901,BetOnline.ag,6.5,48.5
2026-10-08 13:34:33.402072+00:00,401860901,DraftKings,6.5,48.5
2026-10-08 13:34:33.402072+00:00,401860901,MyBookie.ag,6.5,48.5
2026-10-08 13:34:33.402072+00:00,401860901,BetUS,6.5,48.5
2026-10-08 13:34:33.402072+00:00,401860901,Bovada,6.5,48.0
2026-10-08 13:34:33.402072+00:00,401856724,FanDuel,-9.5,54.5
2026-10-08 13:34:33.402072+00:00,401856724,DraftKings,-9.5,53.5
2026-10-08 13:34:33.402072+00:00,401858488,FanDuel,3.5,49.5
2026-10-08 13:34:33.402072+00:00,401858488,DraftKings,2.5,48.5
2026-10-08 13:34:33.402072+00:00,401856830,DraftKings,-9.5,55.5
2026-10-08 13:34:33.402072+00:00,401856720,FanDuel,-11.5,59.5
2026-10-08 13:34:33.402072+00:00,401856720,DraftKings,-12.5,59.5
2026-10-08 13:34:33.402072+00:00,401858490,DraftKings,-5.5,43.5
2026-10-08 13:34:33.402072+00:00,401858492,DraftKings,-12.5,58.5
2026-10-08 13:34:33.402072+00:00,401858494,DraftKings,-3.0,49.5
2026-10-08 13:34:33.402072+00:00,401856723,DraftKings,4.5,56.5
2026-10-08 13:34:33.402072+00:00,401856723,FanDuel,5.5,56.5
2026-10-08 13:34:33.402072+00:00,401856719,DraftKings,-18.5,49.5
2026-10-08 13:34:33.402072+00:00,401856719,FanDuel,-18.5,51.5
2026-10-08 13:34:33.402072+00:00,401858266,DraftKings,-4.5,47.5
2026-10-08 13:34:33.402072+00:00,401856721,FanDuel,-7.5,58.5
2026-10-08 13:34:33.402072+00:00,401856721,DraftKings,-6.0,57.5
2026-10-08 13:34:33.402072+00:00,401858263,DraftKings,-19.5,55.5
2026-10-08 13:34:33.402072+00:00,401858263,FanDuel,-19.5,54.5
2026-10-08 13:34:33.402072+00:00,401856809,DraftKings,12.5,48.5
2026-10-08 13:34:33.402072+00:00,401856809,FanDuel,12.5,48.5
2026-10-08 13:34:33.402072+00:00,401856831,FanDuel,-2.5,57.5
2026-10-08 13:34:33.402072+00:00,401856831,DraftKings,-3.5,57.5
2026-10-08 13:34:33.402072+00:00,401856722,DraftKings,-6.5,41.5
2026-10-08 14:23:39.182206+00:00,401870766,FanDuel,-13.5,52.5
2026-10-08 14:23:39.182206+00:00,401870766,BetRivers,-13.0,52.5
2026-10-08 14:23:39.182206+00:00,401870766,DraftKings,-13.5,52.5
2026-10-08 14:23:39.182206+00:00,401870766,BetMGM,-13.5,52.5
2026-10-08 14:23:39.182206+00:00,401870766,BetOnline.ag,-13.5,52.5
2026-10-08 14:23:39.182206+00:00,401870766,LowVig.ag,-13.5,52.5
2026-10-08 14:23:39.182206+00:00,401870766,MyBookie.ag,-13.5,52.5
2026-10-08 14:23:39.182206+00:00,401870766,Bovada,-13.5,52.5
2026-10-08 14:23:39.182206+00:00,401870766,BetUS,-13.5,52.5
2026-10-08 14:23:39.182206+00:00,401871052,FanDuel,-1.5,56.5
2026-10-08 14:23:39.182206+00:00,401871052,BetRivers,-1.5,56.5
2026-10-08 14:23:39.182206+00:00,401871052,DraftKings,-1.5,56.5
2026-10-08 14:23:39.182206+00:00,401871052,BetOnline.ag,-1.0,56.5
2026-10-08 14:23:39.182206+00:00,401871052,LowVig.ag,-1.0,56.5
2026-10-08 14:23:39.182206+00:00,401871052,MyBookie.ag,-1.5,56.5
2026-10-08 14:23:39.182206+00:00,401871052,Bovada,-1.5,56.5
2026-10-08 14:23:39.182206+00:00,401871052,BetUS,-1.0,56.5
2026-10-08 14:23:39.182206+00:00,401871052,BetMGM,-1.0,56.5
2026-10-08 14:23:39.182206+00:00,401869933,FanDuel,-2.5,59.5
2026-10-08 14:23:39.182206+00:00,401869933,BetRivers,-2.5,60.5
2026-10-08 14:23:39.182206+00:00,401869933,DraftKings,-3.0,60.5
2026-10-08 14:23:39.182206+00:00,401869933,LowVig.ag,-3.0,60.5
2026-10-08 14:23:39.182206+00:00,401869933,BetOnline.ag,-3.0,60.5
2026-10-08 14:23:39.182206+00:00,401869933,BetMGM,-2.5,60.5
2026-10-08 14:23:39.182206+00:00,401869933,MyBookie.ag,-3.0,60.0
2026-10-08 14:23:39.182206+00:00,401869933,Bovada,-2.5,60.5
2026-10-08 14:23:39.182206+00:00,401869933,BetUS,-3.0,60.5
2026-10-08 14:23:39.182206+00:00,401862794,FanDuel,-6.5,50.5
2026-10-08 14:23:39.182206+00:00,401862794,BetRivers,-7.0,50.5
2026-10-08 14:23:39.182206+00:00,401862794,BetMGM,-6.5,49.5
2026-10-08 14:23:39.182206+00:00,401862794,DraftKings,-7.0,50.5
2026-10-08 14:23:39.182206+00:00,401862794,LowVig.ag,-7.0,50.0
2026-10-08 14:23:39.182206+00:00,401862794,BetOnline.ag,-7.0,50.0
2026-10-08 14:23:39.182206+00:00,401862794,MyBookie.ag,-7.0,50.0
2026-10-08 14:23:39.182206+00:00,401862794,Bovada,-6.5,50.0
2026-10-08 14:23:39.182206+00:00,401862794,BetUS,-7.0,50.0
2026-10-08 14:23:39.182206+00:00,401858254,DraftKings,-3.5,59.5
2026-10-08 14:23:39.182206+00:00,401858254,FanDuel,-3.5,59.5
2026-10-08 14:23:39.182206+00:00,401858254,BetRivers,-3.5,59.0
2026-10-08 14:23:39.182206+00:00,401858254,BetMGM,-3.5,59.5
2026-10-08 14:23:39.182206+00:00,401858254,BetOnline.ag,-3.5,59.0
2026-10-08 14:23:39.182206+00:00,401858254,LowVig.ag,-3.5,59.0
2026-10-08 14:23:39.182206+00:00,401858254,MyBookie.ag,-3.5,59.0
2026-10-08 14:23:39.182206+00:00,401858254,Bovada,-3.5,59.5
2026-10-08 14:23:39.182206+00:00,401858254,BetUS,-3.5,59.0
2026-10-08 14:23:39.182206+00:00,401858487,DraftKings,-3.0,41.5
2026-10-08 14:23:39.182206+00:00,401858487,BetRivers,-3.0,41.5
2026-10-08 14:23:39.182206+00:00,401858487,MyBookie.ag,-3.0,41.5
2026-10-08 14:23:39.182206+00:00,401858487,FanDuel,-3.5,41.5
2026-10-08 14:23:39.182206+00:00,401858487,BetMGM,-3.0,41.5
2026-10-08 14:23:39.182206+00:00,401858487,LowVig.ag,-3.0,41.0
2026-10-08 14:23:39.182206+00:00,401858487,BetOnline.ag,-3.0,41.0
2026-10-08 14:23:39.182206+00:00,401858487,Bovada,-3.0,42.0
2026-10-08 14:23:39.182206+00:00,401858487,BetUS,-3.0,41.0
2026-10-08 14:23:39.182206+00:00,401864519,FanDuel,-4.5,42.5
2026-10-08 14:23:39.182206+00:00,401864519,DraftKings,-4.5,42.5
2026-10-08 14:23:39.182206+00:00,401864519,BetRivers,-5.5,42.5
2026-10-08 14:23:39.182206+00:00,401864519,LowVig.ag,-4.5,42.5
2026-10-08 14:23:39.182206+00:00,401864519,BetOnline.ag,-4.5,42.5
2026-10-08 14:23:39.182206+00:00,401864519,BetMGM,-4.5,42.5
2026-10-08 14:23:39.182206+00:00,401864519,MyBookie.ag,-4.5,42.5
2026-10-08 14:23:39.182206+00:00,401864519,Bovada,-4.5,42.5
2026-10-08 14:23:39.182206+00:00,401864519,BetUS,-4.5,42.5
2026-10-08 14:23:39.182206+00:00,401860922,FanDuel,-4.5,43.5
2026-10-08 14:23:39.182206+00:00,401860922,BetRivers,-5.5,43.5
2026-10-08 14:23:39.182206+00:00,401860922,BetMGM,-5.5,44.0
2026-10-08 14:23:39.182206+00:00,401860922,DraftKings,-5.5,44.5
2026-10-08 14:23:39.182206+00:00,401860922,BetOnline.ag,-5.5,44.0
2026-10-08 14:23:39.182206+00:00,401860922,LowVig.ag,-5.5,44.0
2026-10-08 14:23:39.182206+00:00,401860922,MyBookie.ag,-5.5,44.0
2026-10-08 14:23:39.182206+00:00,401860922,Bovada,-5.5,44.0
2026-10-08 14:23:39.182206+00:00,401860922,BetUS,-5.5,44.0
2026-10-08 14:23:39.182206+00:00,401856826,DraftKings,-10.5,45.5
2026-10-08 14:23:39.182206+00:00,401856826,BetRivers,-10.5,46.5
2026-10-08 14:23:39.182206+00:00,401856826,MyBookie.ag,-10.0,46.0
2026-10-08 14:23:39.182206+00:00,401856826,FanDuel,-10.5,46.5
2026-10-08 14:23:39.182206+00:00,401856826,BetMGM,-10.0,45.5
2026-10-08 14:23:39.182206+00:00,401856826,LowVig.ag,-10.0,46.5
2026-10-08 14:23:39.182206+00:00,401856826,BetOnline.ag,-10.0,46.5
2026-10-08 14:23:39.182206+00:00,401856826,Bovada,-10.0,46.0
2026-10-08 14:23:39.182206+00:00,401856826,BetUS,-10.0,46.0
2026-10-08 14:23:39.182206+00:00,401856823,FanDuel,3.5,62.5
2026-10-08 14:23:39.182206+00:00,401856823,BetRivers,3.0,61.0
2026-10-08 14:23:39.182206+00:00,401856823,BetMGM,3.0,61.5
2026-10-08 14:23:39.182206+00:00,401856823,DraftKings,3.0,61.5
2026-10-08 14:23:39.182206+00:00,401856823,LowVig.ag,3.0,61.5
2026-10-08 14:23:39.182206+00:00,401856823,BetOnline.ag,3.0,61.5
2026-10-08 14:23:39.182206+00:00,401856823,MyBookie.ag,3.0,61.5
2026-10-08 14:23:39.182206+00:00,401856823,Bovada,3.0,61.5
2026-10-08 14:23:39.182206+00:00,401856823,BetUS,3.5,61.5
2026-10-08 14:23:39.182206+00:00,401862795,DraftKings,-3.0,48.5
2026-10-08 14:23:39.182206+00:00,401862795,BetOnline.ag,-3.0,48.0
2026-10-08 14:23:39.182206+00:00,401862795,LowVig.ag,-3.0,48.0
2026-10-08 14:23:39.182206+00:00,401862795,FanDuel,-3.5,47.5
2026-10-08 14:23:39.182206+00:00,401862795,BetRivers,-3.5,47.5
2026-10-08 14:23:39.182206+00:00,401862795,BetMGM,-3.0,48.5
2026-10-08 14:23:39.182206+00:00,401862795,MyBookie.ag,-3.5,48.0
2026-10-08 14:23:39.182206+00:00,401862795,Bovada,-3.0,48.5
2026-10-08 14:23:39.182206+00:00,401862795,BetUS,-3.0,48.0
2026-10-08 14:23:39.182206+00:00,401866436,DraftKings,-7.5,43.5
2026-10-08 14:23:39.182206+00:00,401866436,FanDuel,-7.5,44.5
2026-10-08 14:23:39.182206+00:00,401866436,BetRivers,-8.5,44.5
2026-10-08 14:23:39.182206+00:00,401866436,LowVig.ag,-7.0,44.0
2026-10-08 14:23:39.182206+00:00,401866436,BetOnline.ag,-7.0,44.0
2026-10-08 14:23:39.182206+00:00,401866436,BetMGM,-8.0,43.5
2026-10-08 14:23:39.182206+00:00,401866436,MyBookie.ag,-7.5,44.0
2026-10-08 14:23:39.182206+00:00,401866436,Bovada,-7.5,43.5
2026-10-08 14:23:39.182206+00:00,401866436,BetUS,-8.5,44.0
2026-10-08 14:23:39.182206+00:00,401858481,FanDuel,7.5,48.5
2026-10-08 14:23:39.182206+00:00,401858481,DraftKings,7.5,48.5
2026-10-08 14:23:39.182206+00:00,401858481,BetRivers,7.5,48.5
2026-10-08 14:23:39.182206+00:00,401858481,MyBookie.ag,7.5,48.5
2026-10-08 14:23:39.182206+00:00,401858481,BetMGM,7.5,48.5
2026-10-08 14:23:39.182206+00:00,401858481,LowVig.ag,7.0,48.5
2026-10-08 14:23:39.182206+00:00,401858481,BetOnline.ag,7.0,48.5
2026-10-08 14:23:39.182206+00:00,401858481,Bovada,7.5,48.0
2026-10-08 14:23:39.182206+00:00,401858481,BetUS,7.5,48.5
2026-10-08 14:23:39.182206+00:00,401856716,DraftKings,-3.5,48.5
2026-10-08 14:23:39.182206+00:00,401856716,BetRivers,-3.0,48.5
2026-10-08 14:23:39.182206+00:00,401856716,MyBookie.ag,-3.5,48.0
2026-10-08 14:23:39.182206+00:00,401856716,FanDuel,-3.5,48.5
2026-10-08 14:23:39.182206+00:00,401856716,BetMGM,-3.5,48.5
2026-10-08 14:23:39.182206+00:00,401856716,BetOnline.ag,-3.5,48.0
2026-10-08 14:23:39.182206+00:00,401856716,LowVig.ag,-3.5,48.0
2026-10-08 14:23:39.182206+00:00,401856716,BetUS,-3.5,48.5
2026-10-08 14:23:39.182206+00:00,401856716,Bovada,-3.5,48.5
2026-10-08 14:23:39.182206+00:00,401858260,FanDuel,3.5,59.5
2026-10-08 14:23:39.182206+00:00,401858260,BetRivers,3.5,59.5
2026-10-08 14:23:39.182206+00:00,401858260,BetMGM,3.5,59.5
2026-10-08 14:23:39.182206+00:00,401858260,DraftKings,3.5,59.5
2026-10-08 14:23:39.182206+00:00,401858260,LowVig.ag,3.5,60.0
2026-10-08 14:23:39.182206+00:00,401858260,BetOnline.ag,3.5,60.0
2026-10-08 14:23:39.182206+00:00,401858260,MyBookie.ag,3.5,59.5
2026-10-08 14:23:39.182206+00:00,401858260,Bovada,3.5,59.5
2026-10-08 14:23:39.182206+00:00,401858260,BetUS,3.5,60.0
2026-10-08 14:23:39.182206+00:00,401858256,FanDuel,-3.5,47.5
2026-10-08 14:23:39.182206+00:00,401858256,BetRivers,-4.0,47.0
2026-10-08 14:23:39.182206+00:00,401858256,BetMGM,-4.0,47.5
2026-10-08 14:23:39.182206+00:00,401858256,BetOnline.ag,-4.0,47.0
2026-10-08 14:23:39.182206+00:00,401858256,LowVig.ag,-3.5,47.0
2026-10-08 14:23:39.182206+00:00,401858256,DraftKings,-4.0,47.5
2026-10-08 14:23:39.182206+00:00,401858256,MyBookie.ag,-4.0,47.0
2026-10-08 14:23:39.182206+00:00,401858256,Bovada,-4.0,47.0
2026-10-08 14:23:39.182206+00:00,401858256,BetUS,-4.0,47.0
2026-10-08 14:23:39.182206+00:00,401856824,FanDuel,-11.5,53.5
2026-10-08 14:23:39.182206+00:00,401856824,BetRivers,-10.5,53.5
2026-10-08 14:23:39.182206+00:00,401856824,BetMGM,-11.0,53.5
2026-10-08 14:23:39.182206+00:00,401856824,DraftKings,-10.5,53.5
2026-10-08 14:23:39.182206+00:00,401856824,LowVig.ag,-10.5,53.0
2026-10-08 14:23:39.182206+00:00,401856824,BetOnline.ag,-10.5,53.0
2026-10-08 14:23:39.182206+00:00,401856824,MyBookie.ag,-11.5,53.0
2026-10-08 14:23:39.182206+00:00,401856824,Bovada,-11.0,53.5
2026-10-08 14:23:39.182206+00:00,401856824,BetUS,-11.0,53.5
2026-10-08 14:23:39.182206+00:00,401858482,FanDuel,-36.5,52.5
2026-10-08 14:23:39.182206+00:00,401858482,BetRivers,-37.5,53.5
2026-10-08 14:23:39.182206+00:00,401858482,BetMGM,-37.5,52.5
2026-10-08 14:23:39.182206+00:00,401858482,DraftKings,-37.5,52.5
2026-10-08 14:23:39.182206+00:00,401858482,BetOnline.ag,-37.0,52.5
2026-10-08 14:23:39.182206+00:00,401858482,LowVig.ag,-37.0,52.5
2026-10-08 14:23:39.182206+00:00,401858482,BetUS,-37.0,52.5
2026-10-08 14:23:39.182206+00:00,401858482,Bovada,-37.0,52.5
2026-10-08 14:23:39.182206+00:00,401856714,DraftKings,-11.5,59.5
2026-10-08 14:23:39.182206+00:00,401856714,BetRivers,-12.5,60.0
2026-10-08 14:23:39.182206+00:00,401856714,MyBookie.ag,-11.5,59.5
2026-10-08 14:23:39.182206+00:00,401856714,FanDuel,-11.5,60.5
2026-10-08 14:23:39.182206+00:00,401856714,BetMGM,-11.5,59.5
2026-10-08 14:23:39.182206+00:00,401856714,LowVig.ag,-11.5,60.0
2026-10-08 14:23:39.182206+00:00,401856714,BetOnline.ag,-11.5,60.0
2026-10-08 14:23:39.182206+00:00,401856714,Bovada,-11.0,59.5
2026-10-08 14:23:39.182206+00:00,401856714,BetUS,-11.5,60.0
2026-10-08 14:23:39.182206+00:00,401869843,DraftKings,-9.5,48.5
2026-10-08 14:23:39.182206+00:00,401869843,FanDuel,-9.5,48.5
2026-10-08 14:23:39.182206+00:00,401869843,LowVig.ag,-9.5,48.5
2026-10-08 14:23:39.182206+00:00,401869843,BetOnline.ag,-9.5,48.5
2026-10-08 14:23:39.182206+00:00,401869843,BetRivers,-9.5,48.5
2026-10-08 14:23:39.182206+00:00,401869843,BetMGM,-10.0,48.5
2026-10-08 14:23:39.182206+00:00,401869843,MyBookie.ag,-9.5,48.5
2026-10-08 14:23:39.182206+00:00,401869843,Bovada,-9.0,48.5
2026-10-08 14:23:39.182206+00:00,401869843,BetUS,-10.0,48.5
2026-10-08 14:23:39.182206+00:00,401866435,DraftKings,6.5,51.5
2026-10-08 14:23:39.182206+00:00,401866435,FanDuel,6.5,52.5
2026-10-08 14:23:39.182206+00:00,401866435,LowVig.ag,7.0,52.0
2026-10-08 14:23:39.182206+00:00,401866435,BetOnline.ag,7.0,52.0
2026-10-08 14:23:39.182206+00:00,401866435,BetRivers,7.0,51.5
2026-10-08 14:23:39.182206+00:00,401866435,BetMGM,7.0,51.5
2026-10-08 14:23:39.182206+00:00,401866435,MyBookie.ag,7.0,52.0
2026-10-08 14:23:39.182206+00:00,401866435,Bovada,6.5,51.5
2026-10-08 14:23:39.182206+00:00,401866435,BetUS,7.0,52.0
2026-10-08 14:23:39.182206+00:00,401866437,DraftKings,-21.0,54.5
2026-10-08 14:23:39.182206+00:00,401866437,FanDuel,-20.5,54.5
2026-10-08 14:23:39.182206+00:00,401866437,LowVig.ag,-20.5,54.5
2026-10-08 14:23:39.182206+00:00,401866437,BetOnline.ag,-20.5,54.5
2026-10-08 14:23:39.182206+00:00,401866437,BetRivers,-21.0,54.5
2026-10-08 14:23:39.182206+00:00,401866437,BetMGM,-21.5,54.5
2026-10-08 14:23:39.182206+00:00,401866437,MyBookie.ag,-21.0,55.0
2026-10-08 14:23:39.182206+00:00,401866437,Bovada,-21.0,55.0
2026-10-08 14:23:39.182206+00:00,401866437,BetUS,-21.0,55.0
2026-10-08 14:23:39.182206+00:00,401858259,FanDuel,9.5,53.5
2026-10-08 14:23:39.182206+00:00,401858259,BetRivers,10.0,54.0
2026-10-08 14:23:39.182206+00:00,401858259,BetMGM,10.0,53.5
2026-10-08 14:23:39.182206+00:00,401858259,DraftKings,10.0,53.5
2026-10-08 14:23:39.182206+00:00,401858259,LowVig.ag,9.5,53.0
2026-10-08 14:23:39.182206+00:00,401858259,BetOnline.ag,9.5,53.0
2026-10-08 14:23:39.182206+00:00,401858259,MyBookie.ag,10.0,53.0
2026-10-08 14:23:39.182206+00:00,401858259,BetUS,9.5,53.0
2026-10-08 14:23:39.182206+00:00,401858259,Bovada,10.0,53.5
2026-10-08 14:23:39.182206+00:00,401866438,DraftKings,-3.0,46.5
2026-10-08 14:23:39.182206+00:00,401866438,FanDuel,-2.5,46.5
2026-10-08 14:23:39.182206+00:00,401866438,LowVig.ag,-3.0,46.0
2026-10-08 14:23:39.182206+00:00,401866438,BetOnline.ag,-3.0,46.0
2026-10-08 14:23:39.182206+00:00,401866438,BetRivers,-3.0,46.5
2026-10-08 14:23:39.182206+00:00,401866438,BetMGM,-2.5,45.5
2026-10-08 14:23:39.182206+00:00,401866438,MyBookie.ag,-3.0,46.0
2026-10-08 14:23:39.182206+00:00,401866438,Bovada,-3.0,46.0
2026-10-08 14:23:39.182206+00:00,401866438,BetUS,-3.0,46.0
2026-10-08 14:23:39.182206+00:00,401862796,DraftKings,-28.5,57.5
2026-10-08 14:23:39.182206+00:00,401862796,FanDuel,-28.5,57.5
2026-10-08 14:23:39.182206+00:00,401862796,BetOnline.ag,-28.5,57.5
2026-10-08 14:23:39.182206+00:00,401862796,LowVig.ag,-28.5,57.5
2026-10-08 14:23:39.182206+00:00,401862796,BetRivers,-28.5,57.5
2026-10-08 14:23:39.182206+00:00,401862796,BetMGM,-29.0,57.5
2026-10-08 14:23:39.182206+00:00,401862796,MyBookie.ag,-28.5,58.0
2026-10-08 14:23:39.182206+00:00,401862796,BetUS,-28.5,58.0
2026-10-08 14:23:39.182206+00:00,401862796,Bovada,-28.0,58.0
2026-10-08 14:23:39.182206+00:00,401858255,FanDuel,6.5,44.5
2026-10-08 14:23:39.182206+00:00,401858255,BetRivers,6.5,44.0
2026-10-08 14:23:39.182206+00:00,401858255,BetMGM,7.0,43.5
2026-10-08 14:23:39.182206+00:00,401858255,DraftKings,6.5,43.5
2026-10-08 14:23:39.182206+00:00,401858255,BetOnline.ag,6.5,43.5
2026-10-08 14:23:39.182206+00:00,401858255,LowVig.ag,6.5,43.5
2026-10-08 14:23:39.182206+00:00,401858255,MyBookie.ag,7.0,44.0
2026-10-08 14:23:39.182206+00:00,401858255,Bovada,6.5,43.5
2026-10-08 14:23:39.182206+00:00,401858255,BetUS,7.0,44.0
2026-10-08 14:23:39.182206+00:00,401856825,FanDuel,-2.5,55.5
2026-10-08 14:23:39.182206+00:00,401856825,BetRivers,-2.5,55.0
2026-10-08 14:23:39.182206+00:00,401856825,BetMGM,-2.5,55.5
2026-10-08 14:23:39.182206+00:00,401856825,DraftKings,-2.5,55.5
2026-10-08 14:23:39.182206+00:00,401856825,LowVig.ag,-2.5,55.0
2026-10-08 14:23:39.182206+00:00,401856825,BetOnline.ag,-2.5,55.0
2026-10-08 14:23:39.182206+00:00,401856825,MyBookie.ag,-2.5,55.5
2026-10-08 14:23:39.182206+00:00,401856825,BetUS,-2.5,55.5
2026-10-08 14:23:39.182206+00:00,401856825,Bovada,-2.5,55.0
2026-10-08 14:23:39.182206+00:00,401858480,FanDuel,2.5,48.5
2026-10-08 14:23:39.182206+00:00,401858480,BetRivers,2.5,47.5
2026-10-08 14:23:39.182206+00:00,401858480,BetMGM,2.5,47.5
2026-10-08 14:23:39.182206+00:00,401858480,DraftKings,2.5,47.5
2026-10-08 14:23:39.182206+00:00,401858480,BetOnline.ag,2.5,48.0
2026-10-08 14:23:39.182206+00:00,401858480,LowVig.ag,2.5,48.0
2026-10-08 14:23:39.182206+00:00,401858480,MyBookie.ag,2.5,48.0
2026-10-08 14:23:39.182206+00:00,401858480,Bovada,2.5,48.0
2026-10-08 14:23:39.182206+00:00,401858480,BetUS,2.5,48.0
2026-10-08 14:23:39.182206+00:00,401866439,DraftKings,-13.5,43.5
2026-10-08 14:23:39.182206+00:00,401866439,LowVig.ag,-13.5,43.5
2026-10-08 14:23:39.182206+00:00,401866439,BetOnline.ag,-13.5,43.5
2026-10-08 14:23:39.182206+00:00,401866439,FanDuel,-13.5,43.5
2026-10-08 14:23:39.182206+00:00,401866439,BetMGM,-13.5,42.5
2026-10-08 14:23:39.182206+00:00,401866439,MyBookie.ag,-14.0,43.5
2026-10-08 14:23:39.182206+00:00,401866439,Bovada,-13.5,43.5
2026-10-08 14:23:39.182206+00:00,401866439,BetUS,-13.5,43.5
2026-10-08 14:23:39.182206+00:00,401866439,BetRivers,-14.0,43.5
2026-10-08 14:23:39.182206+00:00,401862799,FanDuel,-2.5,48.5
2026-10-08 14:23:39.182206+00:00,401862799,BetRivers,-2.5,48.5
2026-10-08 14:23:39.182206+00:00,401862799,BetMGM,-2.5,48.5
2026-10-08 14:23:39.182206+00:00,401862799,DraftKings,-2.5,48.5
2026-10-08 14:23:39.182206+00:00,401862799,LowVig.ag,-2.5,48.5
2026-10-08 14:23:39.182206+00:00,401862799,BetOnline.ag,-2.5,48.5
2026-10-08 14:23:39.182206+00:00,401862799,MyBookie.ag,-2.5,48.5
2026-10-08 14:23:39.182206+00:00,401862799,BetUS,-2.5,48.5
2026-10-08 14:23:39.182206+00:00,401862799,Bovada,-2.5,49.0
2026-10-08 14:23:39.182206+00:00,401858257,DraftKings,-38.5,54.5
2026-10-08 14:23:39.182206+00:00,401858257,FanDuel,-37.5,54.5
2026-10-08 14:23:39.182206+00:00,401858257,BetRivers,-38.5,54.5
2026-10-08 14:23:39.182206+00:00,401858257,BetMGM,-38.5,54.5
2026-10-08 14:23:39.182206+00:00,401858257,BetOnline.ag,-38.5,54.0
2026-10-08 14:23:39.182206+00:00,401858257,LowVig.ag,-38.5,54.0
2026-10-08 14:23:39.182206+00:00,401858257,BetUS,-38.5,54.0
2026-10-08 14:23:39.182206+00:00,401858257,Bovada,-38.0,54.5
2026-10-08 14:23:39.182206+00:00,401856717,FanDuel,7.5,38.5
2026-10-08 14:23:39.182206+00:00,401856717,BetMGM,7.5,38.5
2026-10-08 14:23:39.182206+00:00,401856717,DraftKings,7.5,39.5
2026-10-08 14:23:39.182206+00:00,401856717,BetRivers,7.5,39.0
2026-10-08 14:23:39.182206+00:00,401856717,MyBookie.ag,7.5,39.5
2026-10-08 14:23:39.182206+00:00,401856717,BetOnline.ag,7.5,39.5
2026-10-08 14:23:39.182206+00:00,401856717,LowVig.ag,7.5,39.5
2026-10-08 14:23:39.182206+00:00,401856717,BetUS,7.5,39.5
2026-10-08 14:23:39.182206+00:00,401856717,Bovada,7.5,39.0
2026-10-08 14:23:39.182206+00:00,401856718,FanDuel,9.5,55.5
2026-10-08 14:23:39.182206+00:00,401856718,DraftKings,9.5,55.5
2026-10-08 14:23:39.182206+00:00,401856718,BetRivers,10.0,55.5
2026-10-08 14:23:39.182206+00:00,401856718,BetOnline.ag,9.5,56.0
2026-10-08 14:23:39.182206+00:00,401856718,BetMGM,9.5,55.5
2026-10-08 14:23:39.182206+00:00,401856718,MyBookie.ag,9.5,55.5
2026-10-08 14:23:39.182206+00:00,401856718,BetUS,9.5,56.0
2026-10-08 14:23:39.182206+00:00,401856718,Bovada,9.0,55.0
2026-10-08 14:23:39.182206+00:00,401858484,FanDuel,-11.5,58.5
2026-10-08 14:23:39.182206+00:00,401858484,DraftKings,-11.5,58.5
2026-10-08 14:23:39.182206+00:00,401858484,BetRivers,-11.5,58.5
2026-10-08 14:23:39.182206+00:00,401858484,MyBookie.ag,-11.5,58.5
2026-10-08 14:23:39.182206+00:00,401858484,BetMGM,-12.5,58.5
2026-10-08 14:23:39.182206+00:00,401858484,BetOnline.ag,-11.0,58.5
2026-10-08 14:23:39.182206+00:00,401858484,LowVig.ag,-11.0,58.5
2026-10-08 14:23:39.182206+00:00,401858484,BetUS,-11.5,58.5
2026-10-08 14:23:39.182206+00:00,401858484,Bovada,-11.5,59.0
2026-10-08 14:23:39.182206+00:00,401861964,FanDuel,-3.5,54.5
2026-10-08 14:23:39.182206+00:00,401861964,LowVig.ag,-4.0,55.0
2026-10-08 14:23:39.182206+00:00,401861964,BetOnline.ag,-3.5,55.0
2026-10-08 14:23:39.182206+00:00,401861964,DraftKings,-3.5,54.5
2026-10-08 14:23:39.182206+00:00,401861964,BetMGM,-3.5,55.5
2026-10-08 14:23:39.182206+00:00,401861964,MyBookie.ag,-3.5,55.0
2026-10-08 14:23:39.182206+00:00,401861964,Bovada,-3.5,54.5
2026-10-08 14:23:39.182206+00:00,401861964,BetUS,-3.5,54.5
2026-10-08 14:23:39.182206+00:00,401861964,BetRivers,-4.5,53.5
2026-10-08 14:23:39.182206+00:00,401862797,DraftKings,-10.0,47.5
2026-10-08 14:23:39.182206+00:00,401862797,LowVig.ag,-10.0,47.0
2026-10-08 14:23:39.182206+00:00,401862797,BetOnline.ag,-10.0,47.0
2026-10-08 14:23:39.182206+00:00,401862797,FanDuel,-9.5,47.5
2026-10-08 14:23:39.182206+00:00,401862797,BetMGM,-10.0,47.5
2026-10-08 14:23:39.182206+00:00,401862797,MyBookie.ag,-10.0,47.0
2026-10-08 14:23:39.182206+00:00,401862797,Bovada,-10.0,47.0
2026-10-08 14:23:39.182206+00:00,401862797,BetUS,-10.0,47.0
2026-10-08 14:23:39.182206+00:00,401862797,BetRivers,-9.5,47.5
2026-10-08 14:23:39.182206+00:00,401856713,FanDuel,13.5,51.5
2026-10-08 14:23:39.182206+00:00,401856713,BetRivers,13.5,51.0
2026-10-08 14:23:39.182206+00:00,401856713,BetMGM,13.5,51.5
2026-10-08 14:23:39.182206+00:00,401856713,DraftKings,13.5,51.5
2026-10-08 14:23:39.182206+00:00,401856713,LowVig.ag,13.5,51.0
2026-10-08 14:23:39.182206+00:00,401856713,BetOnline.ag,13.5,51.0
2026-10-08 14:23:39.182206+00:00,401856713,MyBookie.ag,13.5,51.0
2026-10-08 14:23:39.182206+00:00,401856713,BetUS,13.5,51.0
2026-10-08 14:23:39.182206+00:00,401856713,Bovada,13.5,51.5
2026-10-08 14:23:39.182206+00:00,401858483,DraftKings,-34.5,56.5
2026-10-08 14:23:39.182206+00:00,401858483,FanDuel,-34.5,57.5
2026-10-08 14:23:39.182206+00:00,401858483,BetRivers,-34.5,56.5
2026-10-08 14:23:39.182206+00:00,401858483,BetMGM,-34.5,56.5
2026-10-08 14:23:39.182206+00:00,401858483,LowVig.ag,-34.0,56.5
2026-10-08 14:23:39.182206+00:00,401858483,BetOnline.ag,-34.0,56.5
2026-10-08 14:23:39.182206+00:00,401858483,Bovada,-34.5,56.0
2026-10-08 14:23:39.182206+00:00,401858483,BetUS,-34.0,56.5
2026-10-08 14:23:39.182206+00:00,401860902,FanDuel,-14.5,53.5
2026-10-08 14:23:39.182206+00:00,401860902,BetRivers,-15.0,53.5
2026-10-08 14:23:39.182206+00:00,401860902,BetMGM,-16.5,53.5
2026-10-08 14:23:39.182206+00:00,401860902,LowVig.ag,-14.5,53.5
2026-10-08 14:23:39.182206+00:00,401860902,BetOnline.ag,-14.5,53.5
2026-10-08 14:23:39.182206+00:00,401860902,DraftKings,-15.5,53.5
2026-10-08 14:23:39.182206+00:00,401860902,MyBookie.ag,-15.5,53.5
2026-10-08 14:23:39.182206+00:00,401860902,BetUS,-15.0,53.5
2026-10-08 14:23:39.182206+00:00,401860902,Bovada,-15.5,53.5
2026-10-08 14:23:39.182206+00:00,401869943,DraftKings,-4.0,58.5
2026-10-08 14:23:39.182206+00:00,401869943,FanDuel,-3.5,58.5
2026-10-08 14:23:39.182206+00:00,401869943,LowVig.ag,-4.0,57.0
2026-10-08 14:23:39.182206+00:00,401869943,BetOnline.ag,-4.0,57.0
2026-10-08 14:23:39.182206+00:00,401869943,BetRivers,-3.5,59.5
2026-10-08 14:23:39.182206+00:00,401869943,BetMGM,-3.5,58.5
2026-10-08 14:23:39.182206+00:00,401869943,MyBookie.ag,-3.5,58.5
2026-10-08 14:23:39.182206+00:00,401869943,BetUS,-4.0,58.5
2026-10-08 14:23:39.182206+00:00,401869943,Bovada,-3.5,59.0
2026-10-08 14:23:39.182206+00:00,401856715,DraftKings,8.5,51.5
2026-10-08 14:23:39.182206+00:00,401856715,BetRivers,9.0,52.0
2026-10-08 14:23:39.182206+00:00,401856715,MyBookie.ag,8.5,52.0
2026-10-08 14:23:39.182206+00:00,401856715,FanDuel,8.5,51.5
2026-10-08 14:23:39.182206+00:00,401856715,BetOnline.ag,8.0,51.5
2026-10-08 14:23:39.182206+00:00,401856715,LowVig.ag,8.0,51.5
2026-10-08 14:23:39.182206+00:00,401856715,BetMGM,8.5,52.5
2026-10-08 14:23:39.182206+00:00,401856715,Bovada,8.5,52.0
2026-10-08 14:23:39.182206+00:00,401856715,BetUS,8.5,52.0
2026-10-08 14:23:39.182206+00:00,401862798,DraftKings,-14.0,52.5
2026-10-08 14:23:39.182206+00:00,401862798,FanDuel,-14.5,52.5
2026-10-08 14:23:39.182206+00:00,401862798,BetRivers,-14.0,51.5
2026-10-08 14:23:39.182206+00:00,401862798,LowVig.ag,-14.0,52.5
2026-10-08 14:23:39.182206+00:00,401862798,BetOnline.ag,-14.0,52.5
2026-10-08 14:23:39.182206+00:00,401862798,BetMGM,-14.0,52.5
2026-10-08 14:23:39.182206+00:00,401862798,MyBookie.ag,-14.0,52.5
2026-10-08 14:23:39.182206+00:00,401862798,BetUS,-14.0,52.5
2026-10-08 14:23:39.182206+00:00,401862798,Bovada,-13.5,52.5
2026-10-08 14:23:39.182206+00:00,401864517,DraftKings,10.0,49.5
2026-10-08 14:23:39.182206+00:00,401864517,LowVig.ag,10.0,49.5
2026-10-08 14:23:39.182206+00:00,401864517,BetOnline.ag,10.0,49.5
2026-10-08 14:23:39.182206+00:00,401864517,FanDuel,9.5,49.5
2026-10-08 14:23:39.182206+00:00,401864517,BetMGM,10.0,48.5
2026-10-08 14:23:39.182206+00:00,401864517,MyBookie.ag,10.0,49.0
2026-10-08 14:23:39.182206+00:00,401864517,BetUS,10.0,49.0
2026-10-08 14:23:39.182206+00:00,401864517,Bovada,10.0,49.5
2026-10-08 14:23:39.182206+00:00,401864517,BetRivers,9.5,49.5
2026-10-08 14:23:39.182206+00:00,401864518,FanDuel,3.5,48.5
2026-10-08 14:23:39.182206+00:00,401864518,LowVig.ag,3.0,48.0
2026-10-08 14:23:39.182206+00:00,401864518,BetOnline.ag,3.0,48.0
2026-10-08 14:23:39.182206+00:00,401864518,DraftKings,3.0,47.5
2026-10-08 14:23:39.182206+00:00,401864518,BetMGM,3.5,47.5
2026-10-08 14:23:39.182206+00:00,401864518,MyBookie.ag,3.5,48.0
2026-10-08 14:23:39.182206+00:00,401864518,BetUS,3.0,48.0
2026-10-08 14:23:39.182206+00:00,401864518,Bovada,3.0,48.0
2026-10-08 14:23:39.182206+00:00,401864518,BetRivers,3.5,47.5
2026-10-08 14:23:39.182206+00:00,401864516,FanDuel,8.5,46.5
2026-10-08 14:23:39.182206+00:00,401864516,LowVig.ag,7.5,46.0
2026-10-08 14:23:39.182206+00:00,401864516,DraftKings,7.5,46.5
2026-10-08 14:23:39.182206+00:00,401864516,BetOnline.ag,7.5,46.0
2026-10-08 14:23:39.182206+00:00,401864516,BetMGM,7.5,46.5
2026-10-08 14:23:39.182206+00:00,401864516,MyBookie.ag,7.5,46.5
2026-10-08 14:23:39.182206+00:00,401864516,BetUS,7.5,46.0
2026-10-08 14:23:39.182206+00:00,401864516,Bovada,7.5,47.0
2026-10-08 14:23:39.182206+00:00,401864516,BetRivers,7.5,47.5
2026-10-08 14:23:39.182206+00:00,401856712,FanDuel,-1.5,51.5
2026-10-08 14:23:39.182206+00:00,401856712,BetMGM,-1.5,51.5
2026-10-08 14:23:39.182206+00:00,401856712,DraftKings,-1.5,51.5
2026-10-08 14:23:39.182206+00:00,401856712,BetRivers,-2.0,51.5
2026-10-08 14:23:39.182206+00:00,401856712,MyBookie.ag,-1.5,51.5
2026-10-08 14:23:39.182206+00:00,401856712,BetOnline.ag,-2.0,51.5
2026-10-08 14:23:39.182206+00:00,401856712,LowVig.ag,-2.0,51.5
2026-10-08 14:23:39.182206+00:00,401856712,BetUS,-2.0,51.5
2026-10-08 14:23:39.182206+00:00,401856712,Bovada,-2.0,51.0
2026-10-08 14:23:39.182206+00:00,401869949,DraftKings,7.5,51.5
2026-10-08 14:23:39.182206+00:00,401869949,FanDuel,7.5,51.5
2026-10-08 14:23:39.182206+00:00,401869949,LowVig.ag,7.5,52.0
2026-10-08 14:23:39.182206+00:00,401869949,BetOnline.ag,7.5,52.0
2026-10-08 14:23:39.182206+00:00,401869949,BetMGM,7.5,51.5
2026-10-08 14:23:39.182206+00:00,401869949,MyBookie.ag,7.5,52.0
2026-10-08 14:23:39.182206+00:00,401869949,BetUS,7.5,52.0
2026-10-08 14:23:39.182206+00:00,401869949,Bovada,7.5,52.0
2026-10-08 14:23:39.182206+00:00,401869949,BetRivers,7.5,50.5
2026-10-08 14:23:39.182206+00:00,401869965,DraftKings,-3.0,47.5
2026-10-08 14:23:39.182206+00:00,401869965,BetOnline.ag,-2.5,47.5
2026-10-08 14:23:39.182206+00:00,401869965,LowVig.ag,-2.5,47.5
2026-10-08 14:23:39.182206+00:00,401869965,FanDuel,-2.5,47.5
2026-10-08 14:23:39.182206+00:00,401869965,BetMGM,-3.0,46.5
2026-10-08 14:23:39.182206+00:00,401869965,MyBookie.ag,-3.0,47.0
2026-10-08 14:23:39.182206+00:00,401869965,Bovada,-3.0,47.5
2026-10-08 14:23:39.182206+00:00,401869965,BetUS,-3.0,47.5
2026-10-08 14:23:39.182206+00:00,401869965,BetRivers,-3.0,46.5
2026-10-08 14:23:39.182206+00:00,401858485,DraftKings,-1.5,54.5
2026-10-08 14:23:39.182206+00:00,401858485,MyBookie.ag,-1.5,54.5
2026-10-08 14:23:39.182206+00:00,401858485,BetRivers,-1.5,55.0
2026-10-08 14:23:39.182206+00:00,401858485,FanDuel,-1.5,54.5
2026-10-08 14:23:39.182206+00:00,401858485,LowVig.ag,-1.5,55.0
2026-10-08 14:23:39.182206+00:00,401858485,BetOnline.ag,-1.5,55.0
2026-10-08 14:23:39.182206+00:00,401858485,BetMGM,-1.5,54.5
2026-10-08 14:23:39.182206+00:00,401858485,Bovada,-1.5,55.0
2026-10-08 14:23:39.182206+00:00,401858485,BetUS,-1.5,54.5
2026-10-08 14:23:39.182206+00:00,401858258,FanDuel,-8.5,50.5
2026-10-08 14:23:39.182206+00:00,401858258,BetRivers,-9.5,50.0
2026-10-08 14:23:39.182206+00:00,401858258,BetMGM,-9.0,50.5
2026-10-08 14:23:39.182206+00:00,401858258,DraftKings,-9.5,50.5
2026-10-08 14:23:39.182206+00:00,401858258,LowVig.ag,-9.0,50.5
2026-10-08 14:23:39.182206+00:00,401858258,BetOnline.ag,-9.0,50.5
2026-10-08 14:23:39.182206+00:00,401858258,MyBookie.ag,-9.0,50.5
2026-10-08 14:23:39.182206+00:00,401858258,Bovada,-9.5,50.0
2026-10-08 14:23:39.182206+00:00,401858258,BetUS,-9.0,50.5
2026-10-08 14:23:39.182206+00:00,401858486,FanDuel,2.5,50.5
2026-10-08 14:23:39.182206+00:00,401858486,BetRivers,2.5,50.5
2026-10-08 14:23:39.182206+00:00,401858486,BetMGM,2.5,50.5
2026-10-08 14:23:39.182206+00:00,401858486,DraftKings,2.5,50.5
2026-10-08 14:23:39.182206+00:00,401858486,BetOnline.ag,2.0,50.0
2026-10-08 14:23:39.182206+00:00,401858486,LowVig.ag,2.0,50.0
2026-10-08 14:23:39.182206+00:00,401858486,MyBookie.ag,2.5,50.5
2026-10-08 14:23:39.182206+00:00,401858486,Bovada,2.5,50.5
2026-10-08 14:23:39.182206+00:00,401858486,BetUS,2.5,50.0
2026-10-08 14:23:39.182206+00:00,401856827,FanDuel,-15.5,50.5
2026-10-08 14:23:39.182206+00:00,401856827,BetRivers,-15.5,51.0
2026-10-08 14:23:39.182206+00:00,401856827,BetMGM,-15.5,51.5
2026-10-08 14:23:39.182206+00:00,401856827,DraftKings,-15.5,51.5
2026-10-08 14:23:39.182206+00:00,401856827,BetOnline.ag,-15.5,50.0
2026-10-08 14:23:39.182206+00:00,401856827,MyBookie.ag,-15.5,51.0
2026-10-08 14:23:39.182206+00:00,401856827,BetUS,-15.5,50.5
2026-10-08 14:23:39.182206+00:00,401856827,Bovada,-16.0,51.0
2026-10-08 14:23:39.182206+00:00,401856808,FanDuel,-20.5,49.5
2026-10-08 14:23:39.182206+00:00,401856808,BetRivers,-21.0,50.5
2026-10-08 14:23:39.182206+00:00,401856808,BetMGM,-20.5,49.5
2026-10-08 14:23:39.182206+00:00,401856808,LowVig.ag,-20.5,50.0
2026-10-08 14:23:39.182206+00:00,401856808,BetOnline.ag,-20.5,50.0
2026-10-08 14:23:39.182206+00:00,401856808,DraftKings,-20.5,50.5
2026-10-08 14:23:39.182206+00:00,401856808,MyBookie.ag,-21.0,50.0
2026-10-08 14:23:39.182206+00:00,401856808,BetUS,-20.5,50.0
2026-10-08 14:23:39.182206+00:00,401856808,Bovada,-21.0,50.5
2026-10-08 14:23:39.182206+00:00,401860901,FanDuel,6.5,48.5
2026-10-08 14:23:39.182206+00:00,401860901,BetRivers,6.0,48.5
2026-10-08 14:23:39.182206+00:00,401860901,BetMGM,6.5,48.5
2026-10-08 14:23:39.182206+00:00,401860901,LowVig.ag,6.5,48.5
2026-10-08 14:23:39.182206+00:00,401860901,BetOnline.ag,6.5,48.5
2026-10-08 14:23:39.182206+00:00,401860901,DraftKings,6.5,48.5
2026-10-08 14:23:39.182206+00:00,401860901,MyBookie.ag,6.5,48.5
2026-10-08 14:23:39.182206+00:00,401860901,BetUS,6.5,48.5
2026-10-08 14:23:39.182206+00:00,401860901,Bovada,6.5,48.0
2026-10-08 14:23:39.182206+00:00,401856724,FanDuel,-9.5,54.5
2026-10-08 14:23:39.182206+00:00,401856724,DraftKings,-9.5,53.5
2026-10-08 14:23:39.182206+00:00,401858488,FanDuel,3.5,49.5
2026-10-08 14:23:39.182206+00:00,401858488,DraftKings,2.5,48.5
2026-10-08 14:23:39.182206+00:00,401856830,DraftKings,-9.5,55.5
2026-10-08 14:23:39.182206+00:00,401856720,FanDuel,-11.5,59.5
2026-10-08 14:23:39.182206+00:00,401856720,DraftKings,-12.5,59.5
2026-10-08 14:23:39.182206+00:00,401858490,DraftKings,-5.5,43.5
2026-10-08 14:23:39.182206+00:00,401858492,DraftKings,-12.5,58.5
2026-10-08 14:23:39.182206+00:00,401858494,DraftKings,-3.0,49.5
2026-10-08 14:23:39.182206+00:00,401856723,DraftKings,4.5,56.5
2026-10-08 14:23:39.182206+00:00,401856723,FanDuel,5.5,56.5
2026-10-08 14:23:39.182206+00:00,401856719,DraftKings,-18.5,49.5
2026-10-08 14:23:39.182206+00:00,401856719,FanDuel,-18.5,51.5
2026-10-08 14:23:39.182206+00:00,401858266,DraftKings,-4.5,47.5
2026-10-08 14:23:39.182206+00:00,401856721,FanDuel,-7.5,58.5
2026-10-08 14:23:39.182206+00:00,401856721,DraftKings,-6.0,57.5
2026-10-08 14:23:39.182206+00:00,401858263,DraftKings,-19.5,55.5
2026-10-08 14:23:39.182206+00:00,401858263,FanDuel,-19.5,54.5
2026-10-08 14:23:39.182206+00:00,401856809,DraftKings,12.5,48.5
2026-10-08 14:23:39.182206+00:00,401856809,FanDuel,12.5,48.5
2026-10-08 14:23:39.182206+00:00,401856831,FanDuel,-2.5,57.5
2026-10-08 14:23:39.182206+00:00,401856831,DraftKings,-3.5,57.5
2026-10-08 14:23:39.182206+00:00,401856722,DraftKings,-6.5,41.5
